umi,Early,Later
AAACGCGAGCCATGTGGTCGCTTTCGATGCGCGT,1.0,0.0
AAACGCGCGCACGTGGTAAATCGCATGGCTCGCG,0.0,1.0
AAACGCGCGCATCGTGGTAAATCACTGTCGCGTA,0.0,1.0
AACCATGCATCGTGGTAAATCGCATGGCTCGCGT,0.0,1.0
AACGCAGCCATGTGGTCGATTCCGGTGCGCCATG,1.0,0.0
AACGCGAGCCATGCGGGCGCGTCCGATGCGCGCG,1.0,0.0
AACGCGCATCGTGGTAACCGCATGGCTCGCGTGG,0.0,1.0
AACGCGCGCATCGGTACGGGGGTCATGGCTCGCG,1.0,0.0
AACGCGCGCATCGGTGGGTTCCACATGGCTCGCG,0.0,1.0
AACGCGCGCATCGTGGTAAATCGCATGGCTCGCG,0.0,1.0
AACGCGCGCATCGTGGTAAATGCATGGCCTGCGT,0.0,1.0
AACGCGCGCATCGTGGTAACCCATGGCTCGCGTA,0.0,1.0
AACGCGCGCGCATCGTAAATCGCATGGCTCGCGT,0.0,1.0
ACACGAGCCATGTCAAGTCTGGGCGATGCCTTGT,1.0,0.0
ACACGAGCCATGTGGTCCTTTCGATGCTTGTGTA,1.0,0.0
ACACGCGCATCGTGGTAAATCGCATAAGCTCCCT,0.0,1.0
ACAGCGCATCGTGGTACAATCGCATGGCTCGCGT,0.0,1.0
ACATATGCACGTGGTAAATCGCATGGCTCGCGTA,0.0,1.0
ACATGAGCCATGTCCGTCTGAGCGATGCGCATAT,1.0,0.0
ACATGGCATCGTGTTAAAATCGCATGGCTCGCGT,0.0,1.0
ACCCAGCATCGGCTGGTAAATCATGGCTCGCGTA,0.0,1.0
ACGCACGCATCGTGAGATCTAAGCATGGCTCGCG,1.0,0.0
ACGCAGCAAACCATGTGGTCCTTTCGATGCGCGT,1.0,0.0
ACGCAGCCCATGTGGTCGCTTTCGATGCACGCGT,1.0,0.0
ACGCAGGCCATGGAGTTGAGGTACGATGCGCGCG,1.0,0.0
ACGCAGGCGCATGTAGTCGATTCCGATGCGCGCG,1.0,0.0
ACGCCTTGCATCGTGGTAAATCGCATGGCTCGCG,0.0,1.0
ACGCGAATGTGAGTTGAGGTACGATGCGCGCGTA,1.0,0.0
ACGCGAGCCAAAGATCTGGTCCGATGCGCGCGTA,1.0,0.0
ACGCGAGCCAAGGTAGTCGATTCCGATGCGCGCG,1.0,0.0
ACGCGAGCCATGAAACATAACCCGATGCGCGCGT,1.0,0.0
ACGCGAGCCATGACTGATGGCCCGATGCGCGCGT,1.0,0.0
ACGCGAGCCATGACTGATGGCCCGGATGCGCGCG,1.0,0.0
ACGCGAGCCATGAGTTGAGGTAACAGATGCGCGT,1.0,0.0
ACGCGAGCCATGAGTTGAGGTACGATGCGCGCGT,1.0,0.0
ACGCGAGCCATGATTGGTGGCCCGATGCGCGCGT,0.0,1.0
ACGCGAGCCATGCATTGATAAAAACCGATGCAAG,1.0,0.0
ACGCGAGCCATGCCCCCTACTTCGATGCGCGCGT,1.0,0.0
ACGCGAGCCATGCCCCCTACTTCGTGCGCGCGTA,1.0,0.0
ACGCGAGCCATGCCCCTACTTCGATGCGCGCGTA,1.0,1.0
ACGCGAGCCATGCGATCTGGTCCGATAGCATGAC,1.0,0.0
ACGCGAGCCATGCGATCTGGTCCGATGCGCGCGT,1.0,0.0
ACGCGAGCCATGCGATCTGGTCCGATGGTATGTA,1.0,0.0
ACGCGAGCCATGCGATCTGGTCCGTGCGCGCGTA,1.0,0.0
ACGCGAGCCATGCGGAAAGCGTCCGATGCGCGCG,1.0,0.0
ACGCGAGCCATGCGGGCGCGTCCGATGCGCGCGT,1.0,0.0
ACGCGAGCCATGCTCGTTGGCCCGATGCGCGCGT,1.0,0.0
ACGCGAGCCATGGAGGCTAGGCCGATGCGCGCGT,0.0,1.0
ACGCGAGCCATGGAGGCTAGGCCGATGCGCGTAC,0.0,1.0
ACGCGAGCCATGGAGGCTAGGCTGGATGCGCGCG,0.0,1.0
ACGCGAGCCATGGCTCTCTAATCGATGCGCGCGT,1.0,0.0
ACGCGAGCCATGGCTCTCTCAATCGATGCGCGTA,1.0,0.0
ACGCGAGCCATGGGGTTTTAACCGATGCGCGCGT,1.0,1.0
ACGCGAGCCATGGGGTTTTAACCGATGTGCTGTA,1.0,0.0
ACGCGAGCCATGGGTTTTGGAACTGAGTGTGTGC,0.0,1.0
ACGCGAGCCATGGTCGATAAACCGATGCGCGCGT,1.0,0.0
ACGCGAGCCATGGTCGATAAACCGGATGCGCGCG,1.0,0.0
ACGCGAGCCATGTAAATTATCTCGATGCGCGCGT,1.0,0.0
ACGCGAGCCATGTAAGTTCTGGCGATGCGCGCGT,1.0,0.0
ACGCGAGCCATGTAGTCGATTCCGATGCGCGCGT,1.0,0.0
ACGCGAGCCATGTAGTCGATTCCGGATGCGCGCG,1.0,0.0
ACGCGAGCCATGTAGTCGATTCGATGCGCGCGTA,1.0,0.0
ACGCGAGCCATGTCCGTCTGGGCGATGCGCGCGT,1.0,0.0
ACGCGAGCCATGTGATCGATTTCGTGCGCGCGTA,1.0,0.0
ACGCGAGCCATGTGCGCGTATCCGATGCGCGCGT,1.0,0.0
ACGCGAGCCATGTGGTCGCTTTCCGATTAGCGCG,1.0,0.0
ACGCGAGCCATGTGGTCGCTTTCGATGCGCGCGT,1.0,0.0
ACGCGAGCCATGTGGTCGCTTTCGGATGCGCGTA,1.0,0.0
ACGCGAGCCTGCGTGGTCGCTTTCGATGCGCGCG,1.0,0.0
ACGCGAGCTCATGTGGTCGCTTTCGATGCGCGCG,1.0,0.0
ACGCGAGCTGCGTGCGTATCCGGGATGCGCGCGT,1.0,0.0
ACGCGAGTCATGTGGCTCTTTTCGATGCGCGCGT,1.0,0.0
ACGCGCACGTGGTAAATCGCAGCGGCCTTCATGT,0.0,1.0
ACGCGCATCAGTAGGATCTAGCATGGCTCGCGTA,1.0,0.0
ACGCGCATCGACAAGTAAATCACGCAGCTCCTTT,0.0,1.0
ACGCGCATCGGTAATGGGGGTCATGGCTCATGTA,1.0,0.0
ACGCGCATCGTGGTAAATCGCAGCGGCTCATGTA,0.0,1.0
ACGCGCATGCATCGTGGTAAATCGCATGGCTCAT,0.0,1.0
ACGCGCCAGCATCGTGGTAAATCGCATGGCTCTT,0.0,1.0
ACGCGCCATCGTGGTAAATCGCATGGCTCGCGTA,0.0,1.0
ACGCGCGCAATGGAATAGCTCGCAATGGCTCATG,1.0,0.0
ACGCGCGCACACGTGGTAAATCGCATGGCTCGTA,0.0,1.0
ACGCGCGCACGGGTAGAAATCGCATGGCTCGCGT,0.0,1.0
ACGCGCGCACGTAAATCGCATGGCTCATGTAATA,0.0,1.0
ACGCGCGCACGTGCGGAATCGCATGGCTCGCGTA,0.0,1.0
ACGCGCGCACGTGGTAAATCGCATGGCTCGCGTA,0.0,1.0
ACGCGCGCACGTGGTAACCGTGAAGGCTCGCGTA,0.0,1.0
ACGCGCGCACGTGTAAATCGGTATGGTCATGTAG,0.0,1.0
ACGCGCGCATCGAAGGGTTCCACATGGCCTGCGT,0.0,1.0
ACGCGCGCATCGAGGGTGGGGGCATGGCTCATGT,1.0,0.0
ACGCGCGCATCGCAGGATCTAGCATGTTCGCGTA,1.0,0.0
ACGCGCGCATCGCAGGCAATCAGCTGCCTGCGTA,0.0,1.0
ACGCGCGCATCGGAATAGCTCGCATGGCTCGCGT,1.0,0.0
ACGCGCGCATCGGGGAAATCTGCACAGTTCGCGT,0.0,1.0
ACGCGCGCATCGGGGTGGTAAATCACGGCTCGCG,0.0,1.0
ACGCGCGCATCGGTACGGGGGGTCATGGCTCGCG,1.0,0.0
ACGCGCGCATCGGTACGGGGGTCATAATCCGCGT,1.0,0.0
ACGCGCGCATCGGTACGGGGGTCATGGCTCGCGT,1.0,0.0
ACGCGCGCATCGGTACGGGGTCATGGCTCGCGTA,1.0,0.0
ACGCGCGCATCGGTGCTCATTACATGGCTCTCGT,1.0,0.0
ACGCGCGCATCGGTGGGTTCCACATGGCTCGCGT,0.0,1.0
ACGCGCGCATCGTAGCAAACGGCTGTCAAAGTGC,0.0,1.0
ACGCGCGCATCGTAGGATCTAGCATGGCTCGCGT,1.0,0.0
ACGCGCGCATCGTGGGTAAATCGCATGGCCTGCA,0.0,1.0
ACGCGCGCATCGTGGGTAAATCGCATGGCTCGCG,0.0,1.0
ACGCGCGCATCGTGGGTAACCGCATGGCTCGCGT,0.0,1.0
ACGCGCGCATCGTGGGTAACCTGCATGGCTCGCG,0.0,1.0
ACGCGCGCATCGTGGTAAAATCGCATGGTTTGCA,0.0,1.0
ACGCGCGCATCGTGGTAAACCAGCATGGCTCGCG,0.0,1.0
ACGCGCGCATCGTGGTAAACGCGGCGGCCTGCGT,0.0,1.0
ACGCGCGCATCGTGGTAAATCACATGCTCATGTA,0.0,1.0
ACGCGCGCATCGTGGTAAATCACGCATAGCTCGT,0.0,1.0
ACGCGCGCATCGTGGTAAATCACGTAAACAACGT,0.0,1.0
ACGCGCGCATCGTGGTAAATCACTGGCTCGCGTA,0.0,1.0
ACGCGCGCATCGTGGTAAATCACTGTGGCTAGCG,0.0,1.0
ACGCGCGCATCGTGGTAAATCGCACATGAGCCAG,0.0,1.0
ACGCGCGCATCGTGGTAAATCGCAGCTGCCTGCG,0.0,1.0
ACGCGCGCATCGTGGTAAATCGCATGAGCCATGT,0.0,1.0
ACGCGCGCATCGTGGTAAATCGCATGCCTGCGTA,0.0,1.0
ACGCGCGCATCGTGGTAAATCGCATGGCTCGCGT,0.0,1.0
ACGCGCGCATCGTGGTAAATCGCATGGCTCTGCG,0.0,1.0
ACGCGCGCATCGTGGTAAATCGCATGGCTTCGCG,0.0,1.0
ACGCGCGCATCGTGGTAAATCGCGCCGGCTCGCG,0.0,1.0
ACGCGCGCATCGTGGTAAATCTGCCGCTCATGTA,0.0,1.0
ACGCGCGCATCGTGGTAAATCTTGTAGCTCGCGT,0.0,1.0
ACGCGCGCATCGTGGTAAATCTTTATGGCTCGCG,0.0,1.0
ACGCGCGCATCGTGGTAACCGCATGGCTCGCGTA,0.0,1.0
ACGCGCGCATCGTGGTGGAATCGCATGGCTCATG,0.0,1.0
ACGCGCGCATCGTGTAAATCGCATGGCTCGCGTA,0.0,1.0
ACGCGCGCATCGTGTACAACCTATGGCTCGCGTA,0.0,1.0
ACGCGCGCATCGTGTGCAAATCGCATGGCTCGGC,0.0,1.0
ACGCGCGCATTGGAATAGCTCGCATGGCTCGCGT,1.0,0.0
ACGCGCGCATTTCCGTAAATCGCATGGCCGCGTA,0.0,1.0
ACGCGCGCGCGCATCGTGTACCCATGGCTCGCGT,0.0,1.0
ACGCGCGTATCGTGGTAAATCGCAGATGGCTCGC,0.0,1.0
ACGCGCTATCAGGAAAAAAATCGCATGGCTCGCG,0.0,1.0
ACGCGGATTGGGGGTGGGTAACGTATGGCTCGCG,0.0,1.0
ACGCGTGAATGTGGTAAATCGCATGGCTCGCGTA,0.0,1.0
ACGCGTGCCATCGTGGTAAATCGCATGGCTCGCG,0.0,1.0
ACGCGTTTATCGTATAAATCGCATGGCTCGCGTA,0.0,1.0
ACGCGTTTATCGTGGTAAATCGCATGGCTCATGT,0.0,1.0
ACGCTTATCGAAAATCGCATGGCTCAGTGTGGTA,0.0,1.0
ACGGCAAGGCATCGTGGTAAATCATGGCTCATGG,0.0,1.0
ACGTGCATCGTGGTAAATCGCATGGCTCGTGCGT,0.0,1.0
ACGTGCGCGCATCGTGTAAATCGCATGGCTCGCG,0.0,1.0
ACGTTGCTATCGTGGTAAATCGCATGGCTCGCGT,0.0,1.0
ATCACAGCATCGTGGTAAAATCGCATGGCTCGCG,0.0,1.0
CAAGGCGATCGTGGTAAATCGCATGTTGTTCGCA,0.0,1.0
CACGCGCATCGTGGTAAATCGCATGGACTTCGCG,0.0,1.0
CACTCGCGCATCGTATCACATGGCTCGCATGGGT,0.0,1.0
CACTTGTACATCGTGGTAAATCGCATGGCTCGCG,0.0,1.0
CCAAGGCATCGTGGTAAATCGCATGGCTCGCGTA,0.0,1.0
CCATGGTTAAGTGTCCGTCTGGGCGATGCGCGCG,1.0,0.0
CCGTTGTTTCTGCATGAGTAAACCGATGCGCGCG,1.0,0.0
CGCAGCGCACGTGGTAAATGTATGGCTGCGTGGG,0.0,1.0
CGCCTGACCATGCGATCTGGTCCGATGCGCGCGT,1.0,0.0
CGCGAGCCATGACTGATGGCCCGATGCGCGCGTA,1.0,0.0
CGCGAGCCATGACTGATGGCCCGGATGCGCGGCG,1.0,0.0
CGCGAGCCATGAGTTGAGGTACGATGCGCACGTA,1.0,0.0
CGCGAGCCATGAGTTGAGGTACGATGTGCGCGCG,1.0,0.0
CGCGAGCCATGCCCCCTACTTACGTGTATGCTGC,0.0,1.0
CGCGAGCCATGCCTCTCTAATCGATGCGCGCGCG,1.0,0.0
CGCGAGCCATGCGATCTGGTCCGATGCGCACGCG,1.0,0.0
CGCGAGCCATGGAAGGCCGATTCCGATGCGCGTG,1.0,0.0
CGCGAGCCATGGTCGATAAACCGATGCGCGCGTA,1.0,0.0
CGCGAGCCATGTAAGGTCGATTCCGATGCGCGCG,1.0,0.0
CGCGAGCCATGTAGTCGATTCCGATGCGCGTATG,1.0,0.0
CGCGAGCCATGTAGTCGATTCGGGATGCGCGCGT,1.0,0.0
CGCGAGCCATGTCCGTCTGGGCGATGCGCGCGCG,1.0,0.0
CGCGAGCCATGTGGTCGCTTTCGATGCGCGCGCG,1.0,0.0
CGCGCAGCATCGGTACCGGGGTCATGGCTCGCGT,1.0,0.0
CGCGCATCGTGGTAAATCACACTTCTGGCTCATG,0.0,1.0
CGCGCGCATCATGTGGTAAATCATATGGCTCGCG,0.0,1.0
CGCGCGCATCATTAGGTAAATCGCATGGCTCGCG,0.0,1.0
CGCGCGCATCGGTGGGTTCCCGCCATGGCTCGCG,0.0,1.0
CGCGCGCATCGTAGGATCTAGCATGGCTTCCGCG,1.0,0.0
CGCGCGCATCGTGGTAAAATCGCATGGCTCGGTG,0.0,1.0
CGCGCGCATCGTGGTAAAATCGTGATGGCTCATG,0.0,1.0
CGCGCGCATCGTGGTAAACGCAGTGGCTCGGGTG,0.0,1.0
CGCGCGCATCGTGGTAAATCGCACACGGCTCAAG,0.0,1.0
CGCGCGCATCGTGGTAAATCGCATAGCTCAGCGT,0.0,1.0
CGCGCGCATCGTGGTAAATCGCATGAAGCAACGT,0.0,1.0
CGCGCGCATCGTGGTAAATCGCATGGCCTCGCGT,0.0,1.0
CGCGCGCATCGTGGTAAATCGCATGGCTCGCGTA,0.0,1.0
CGCGCGCATCGTGGTAAATCGCATGGTTTCTATG,0.0,1.0
CGCGCGCATCGTGGTAAATCGCATGTGGCTCGCG,0.0,1.0
CGCGCGCATCGTGGTAAATCGTGCATGGCTCGCG,0.0,1.0
CGCGCGCATCGTGGTAAATCGTGTATTGCCTGCG,0.0,1.0
CGCGCGCATCGTGGTAACCCCATGGCTCGTGGGG,0.0,1.0
CGCGCGCATCGTGGTAACCGCTGCATGGCTCGCG,0.0,1.0
CGCGCGCATCGTGTGGTAAATCGCATGGCTCGCG,0.0,1.0
CGCGCGCATGCAGTAGTAAATCGCATGGCTCGCG,0.0,1.0
CGCGCGCGCATCGTGGTAAATCGCATGGCTCGCG,0.0,1.0
CGCGCGTGCATCGGTGCTCATTACATGGCTCGCG,1.0,0.0
CGCGGTATACCCCCTACTTCGATGCCTTTAGCGT,0.0,1.0
CGCGTATGCATCGTGGTAAATCGCATGGCTCGCG,0.0,1.0
CGCTGAGCCATGTAGTCGATTCCAGATGCGTGTA,1.0,0.0
CGTGAGCCATGTGCGCGTATCCGATGCGCGCGTA,1.0,0.0
CTAAACGCGCGCATCGTGGTAACGGCTTTGCCTA,0.0,1.0
CTAAGTGAGCTGTGTGCGTATCCGATGTGCTAAG,1.0,0.0
GACGCGAGCCATGCGATCTGGTCCGATGCGCGCG,1.0,0.0
GCACGCGCATCGTGGTAAATCTGTAGCTCCTTGT,0.0,1.0
GCATGACCATGTGGTCGCTTTCGATGCGCGCGTA,1.0,0.0
GCCCGCGAGCCATGCGATCTGGTCCGATGCGCGT,1.0,0.0
GTAAGGAGCCATGTGCGCGTATCCGATGCGCGCG,1.0,0.0
TAAACGCGCATCGTGGTAAATCGCATGGCTCGCG,0.0,1.0
TCAGCGCGCATCGTGGTAAATCGCATGGCTCATG,0.0,1.0
TCCATGCTATCGTGGGTAAATCGCATGGCTCGCG,0.0,1.0
