umi,M1-lib,M2-lib,shuffle
AAAACTGTGAGTTACAATTT,1.0,1.0,0.0
AAAACTGTGCATTACAATTT,0.0,1.0,0.0
AAAACTGTGCGTTACGATTT,1.0,0.0,0.0
AAAACTGTGCGTTCCAATTT,1.0,0.0,0.0
AAAAGTCTTGAGTTCTTTTA,1.0,0.0,0.0
AAAATTAAAGTGCAACCAAT,1.0,0.0,0.0
AAACAATCAAAATAGTGCAG,1.0,0.0,0.0
AAAGAAACATGGGCCGCATG,1.0,0.0,0.0
AAAGACAAAGTCTACCTGTC,1.0,0.0,0.0
AAAGAGCCGAGCAAGCTTCA,0.0,1.0,0.0
AAAGGATATCTTGTCTTCTTT,1.0,0.0,0.0
AAATAATCAAAGTAATGCAG,0.0,1.0,0.0
AAATAGTCATCTATCAATAT,1.0,0.0,0.0
AAATAGTTATCTTTCAATTA,1.0,0.0,0.0
AAATAGTTGGTCTGCTAGGA,0.0,1.0,0.0
AAATTTAAAGTACAGCCAAT,1.0,1.0,0.0
AAATTTAAAGTGCACCCAAT,1.0,0.0,0.0
AAATTTAAAGTGCAGCGAAT,1.0,0.0,0.0
AACAACAGCTCCTAGGGATT,0.0,1.0,0.0
AACACGGGAAACATGGTGGA,1.0,1.0,0.0
AACAGAAGTTAGTGGGAAAG,1.0,0.0,0.0
AACAGCACTATTCTTTAGTTC,1.0,0.0,0.0
AACATGGGAGACATGGTGGA,1.0,0.0,0.0
AACATGTTAAAAAATGACAT,0.0,1.0,0.0
AACCGCAGAACCAACAAGAA,1.0,0.0,0.0
AACCTTCAGGAACAAATAGC,1.0,0.0,0.0
AACGGCGAGGAGCTGTTCAC,1.0,0.0,0.0
AACTATGATTAGTGCTAATC,0.0,1.0,0.0
AAGAGAGTACTATTTTTAGA,0.0,1.0,0.0
AAGAGCGAGGAGCTGTTCAC,1.0,0.0,0.0
AAGCAATTTATCTAGCTTTC,0.0,1.0,0.0
AAGCATTTCATCTAGCTTTA,0.0,1.0,0.0
AAGCCAGGAATGGATGACCC,1.0,0.0,0.0
AAGCCAGGAATGGATGGCTC,0.0,1.0,0.0
AAGCCAGGAATGGTTGGCCC,1.0,0.0,0.0
AAGCCATGTACTGGTTCTTT,0.0,1.0,0.0
AAGCCTCAATAAAGCGTTGCC,1.0,1.0,0.0
AAGCTGTACTGTCCATTTGT,0.0,1.0,0.0
AAGGAACTCTTGTCTTTTCT,0.0,1.0,0.0
AAGGACAAAGTCAACCTGTC,1.0,0.0,0.0
AAGGACAAAGTCTACCTGTA,1.0,0.0,0.0
AAGGACAAAGTCTACCTGTG,1.0,0.0,0.0
AAGGACAAAGTCTACCTGTT,1.0,0.0,0.0
AAGGACAAAGTCTACGTGTC,1.0,1.0,0.0
AAGGACAAAGTCTATCTGTC,0.0,1.0,0.0
AAGGACAAAGTCTCCCTGTC,1.0,0.0,0.0
AAGGACAATGTCTACGTGAC,0.0,1.0,0.0
AAGGACATCTTGTCTTTTCT,0.0,1.0,0.0
AAGGACTTCTTGTCTTTTCT,0.0,1.0,0.0
AAGGATACTTCCCTGATTGG,1.0,0.0,0.0
AAGGATATCCTTGTCTTTTTT,1.0,0.0,0.0
AAGGATCTCTTGTCTTTTCC,1.0,0.0,0.0
AAGGATCTCTTTTCTTATCT,1.0,0.0,0.0
AAGGCACAGAAGTGGTGCAG,0.0,1.0,0.0
AAGGCACAGCAGTGGTCCAG,1.0,0.0,0.0
AAGGCACAGGAGTGGTGCAG,1.0,1.0,0.0
AAGGCACAGTACTGGTGACAA,0.0,1.0,0.0
AAGGCACAGTACTGGTGCAG,1.0,0.0,0.0
AAGGCACAGTAGAGGTTCAA,0.0,1.0,0.0
AAGGCACAGTAGTCGTGCAG,0.0,1.0,0.0
AAGGCACAGTAGTGGAGCAA,0.0,1.0,0.0
AAGGCACAGTAGTGGCGCAG,0.0,1.0,0.0
AAGGCACAGTAGTGGTCCAG,1.0,1.0,0.0
AAGGCACAGTAGTGGTGACAA,1.0,1.0,0.0
AAGGCACAGTAGTGGTGCAA,0.0,1.0,0.0
AAGGCACAGTAGTTGTGCAG,1.0,1.0,0.0
AAGGCACAGTTGTGGTGCAG,0.0,1.0,0.0
AAGGCACGTAAGATTTACTC,0.0,1.0,0.0
AAGGCACTGTAGTGGTGCAG,1.0,0.0,0.0
AAGGCTACATTCCCTGATTGG,1.0,0.0,0.0
AAGGCTACTTACCTGATTGG,0.0,1.0,0.0
AAGGGCGAGGAGCTGATCAC,1.0,0.0,0.0
AAGGTAAAGGTCAACTTGGC,1.0,0.0,0.0
AAGTATAGTTAGTCCTAGGT,1.0,0.0,0.0
AAGTCACAGTAGTGGTGCAT,1.0,0.0,0.0
AAGTCACAGTTGTGGTGCAG,1.0,0.0,0.0
AATAATTAAAAATAAATAAT,0.0,1.0,0.0
AATAATTCCTCATGCATATT,0.0,1.0,0.0
AATATTGGAGTCAGGACCTA,0.0,1.0,0.0
AATCACAAAACCAGCAAGAA,1.0,0.0,0.0
AATCAGGAACAGTATTGGAT,1.0,0.0,0.0
AATCAGTAACAGTACTGGAT,1.0,0.0,0.0
AATCAGTAACATTATTGGAT,0.0,1.0,0.0
AATCGCAGAACCAGCAGGAA,0.0,1.0,0.0
AATCGCAGAACCTGCAAGAA,1.0,1.0,0.0
AATCTGTGAGCCTGCATGGG,1.0,0.0,0.0
AATGACTCCTAGTGCATATT,1.0,0.0,0.0
AATGAGTCCTAGTGCAGATT,1.0,0.0,0.0
AATGATCTCCCTGGTCCTCT,1.0,1.0,0.0
AATGATTCCTAGTGCAGATT,1.0,1.0,0.0
AATGATTCCTAGTGCAGTATT,1.0,1.0,0.0
AATGCACAGTAGTGGTGCCAA,1.0,0.0,0.0
AATTACTACCCAGTTTCTTC,1.0,0.0,0.0
AATTAGTTAGTCTGCCAGGT,1.0,0.0,0.0
AATTAGTTGGTCTGCCAGGC,1.0,0.0,0.0
AATTAGTTGGTCTGCCAGGT,0.0,1.0,0.0
AATTAGTTGGTCTGCTAGGT,1.0,1.0,0.0
AATTGGCAGTAACAACATAT,0.0,1.0,0.0
AATTGGTAGTAACAACATACT,0.0,1.0,0.0
AATTGGTAGTCACAACATAT,0.0,1.0,0.0
AATTGTTTTACATCATTAGT,0.0,1.0,0.0
AATTTCTCCTACTGGGAGAG,1.0,0.0,0.0
ACAACCAAAACAAAGTGAAT,1.0,0.0,0.0
ACAACCAAATCAAAGTGAAT,1.0,0.0,0.0
ACAAGGTAACACAGATTCAG,0.0,0.0,1.0
ACACAATCCTCGTTACAATC,1.0,0.0,0.0
ACACATAATAATAAATATAA,1.0,0.0,0.0
ACACATAGTTAGCCCTAGTT,1.0,1.0,0.0
ACACATAGTTAGCCCTATGT,1.0,1.0,0.0
ACACTGAGTAAAAGGGTCTG,0.0,1.0,0.0
ACACTTCTTGTTCTACACAG,0.0,1.0,0.0
ACAGACTCAAAGTATACATT,1.0,0.0,0.0
ACAGACTCACAATATGCACT,1.0,0.0,0.0
ACAGACTCACAATATGCATT,0.0,1.0,0.0
ACAGAGTATTGGCAAAGCCAC,0.0,1.0,0.0
ACAGAGTATTTGCAGGCCAC,1.0,1.0,0.0
ACAGATTCACAGTATGCTTT,1.0,0.0,0.0
ACAGCGGCAATGAGAGTGAG,1.0,0.0,0.0
ACAGTCGCAATGAGAGTGAC,1.0,0.0,0.0
ACAGTGGCAAAGAGATTTAG,1.0,0.0,0.0
ACAGTGGCAATGAGAGTGAT,1.0,0.0,0.0
ACAGTGGCAATGAGATTGAG,1.0,1.0,0.0
ACAGTGTATTGGCAAGCCAC,0.0,1.0,0.0
ACATAGTATTGGCAGGCCAC,0.0,1.0,0.0
ACATATAGATAGTCCTGTGT,1.0,0.0,0.0
ACATCGTAGGACAGATCCAG,0.0,1.0,0.0
ACATGGGGCATCATGCTCCT,1.0,0.0,0.0
ACATGGTAGGACAGATGCAG,0.0,1.0,0.0
ACATGGTAGGACAGATGCAT,0.0,1.0,0.0
ACATGTCTAAATAGGCTCAA,1.0,0.0,0.0
ACCAATCTACATAGTCTCTA,0.0,1.0,0.0
ACCAATCTAGCAACCCCTAG,0.0,1.0,0.0
ACCAATCTAGCATCCCCTAG,0.0,1.0,0.0
ACCAGTCTACATAGGCTCTA,1.0,0.0,0.0
ACCATATTACTCTGCTTTCT,0.0,1.0,0.0
ACCATGGGAAGCATGGTGGA,1.0,1.0,0.0
ACCCACAGATCGTAGTGATT,1.0,0.0,0.0
ACCCATCAATGAGGAAGCTG,0.0,1.0,0.0
ACCCCCACCAGCAGAGATCT,1.0,0.0,0.0
ACCCTCTATTGAGTGCATCA,1.0,1.0,0.0
ACCCTTCAGGAACAAATAAT,1.0,0.0,0.0
ACCCTTCAGGAACAAATAGAC,1.0,0.0,0.0
ACCGAATCCTGTAAAGCTAG,0.0,1.0,0.0
ACCGACAAAGACTAAATGTC,1.0,0.0,0.0
ACCGATCTACATAGTCTCTA,1.0,0.0,0.0
ACCGGTCTACTTAATCTCTA,0.0,1.0,0.0
ACCGTTTATCCATTTCAGAA,0.0,1.0,0.0
ACCTGTCTACATAGGCTCTA,1.0,0.0,0.0
ACCTGTCTACATAGTCTCTA,1.0,0.0,0.0
ACGTACTCATCTATCAATAC,1.0,0.0,0.0
ACGTAGTCATCTGTCAATAC,1.0,0.0,0.0
ACGTATAGTTAGTCCTAGGT,1.0,0.0,0.0
ACTAACTGAAGAAGCAGAAT,0.0,1.0,0.0
ACTCAAAAGGAACTCGTAGA,1.0,0.0,0.0
ACTCCATGTACTGGCTCTTT,1.0,0.0,0.0
ACTCCATGTACTGGTTCTCT,1.0,0.0,0.0
ACTCTGTGAGCCTGCATGGG,1.0,0.0,0.0
ACTCTTGTGGGCTGGGGTCT,1.0,0.0,0.0
ACTGCATCCACAATTATAACA,1.0,0.0,0.0
ACTGTTTATCCATTTCAGTA,1.0,0.0,0.0
ACTTAAGGGGATACTTGCGC,0.0,1.0,0.0
ACTTACGGGGCTACTTAGGC,1.0,0.0,0.0
ACTTAGTTATCTATCAATAC,1.0,0.0,0.0
ACTTATGGCGATACTTGGGC,1.0,1.0,0.0
ACTTATGGGGATACTTGGGC,1.0,0.0,0.0
ACTTATGGTGATACTTGGGA,1.0,0.0,0.0
ACTTATTGGGATACTTGGAC,0.0,1.0,0.0
AGAAACGGCTTTGCTATAAG,0.0,1.0,0.0
AGAAAGGGCTTTGCTATAAG,1.0,0.0,0.0
AGAAAGTAAATGATGATATT,0.0,1.0,0.0
AGAAAGTTTCTGCTCCTATT,0.0,1.0,0.0
AGAAAGTTTCTGGTCCTGCT,1.0,0.0,0.0
AGAAATGCCATATGAGGACA,0.0,1.0,0.0
AGAACCTCCATTGCTTTGGA,1.0,0.0,0.0
AGAAGAGTAAGATTAATAGA,1.0,0.0,0.0
AGAAGGCTTCTGCTCCTACT,1.0,0.0,0.0
AGAAGGTTTCTGCTCCTAGT,1.0,0.0,0.0
AGAAGTGGGTGTCGACATAG,1.0,0.0,0.0
AGAATAGACAGGTTAATTGA,1.0,0.0,0.0
AGAATAGGGTGCCAACATAG,0.0,1.0,0.0
AGAATGCACTTAAATACTGG,1.0,0.0,0.0
AGAATGCTTCTGCTCCTACT,1.0,0.0,0.0
AGAATTGGGTGACAACATAG,0.0,1.0,0.0
AGAATTGGGTGCCAACATAG,1.0,1.0,0.0
AGACAAGACATCCTTGATCT,1.0,0.0,0.0
AGACAAGACATTCTTGATCT,0.0,1.0,0.0
AGACAAGATATCATTTGATCT,0.0,1.0,0.0
AGACAAGATATCCTTTGATCT,0.0,1.0,0.0
AGACAAGTACAATTTTTAGA,1.0,0.0,0.0
AGACAATACATTCTTGATCT,0.0,1.0,0.0
AGACATGATATCATGTATCA,1.0,0.0,0.0
AGAGAATAAGAGTGGAGACC,0.0,1.0,0.0
AGAGAATGGCATCTGGGTCA,0.0,1.0,0.0
AGAGACTGGCATTTGGGACA,0.0,1.0,0.0
AGAGATTGGCATTTGGGTTA,1.0,0.0,0.0
AGAGATTGGCATTTGGTTCA,1.0,0.0,0.0
AGAGCCTCCATTTCTTTGGA,0.0,1.0,0.0
AGAGCCTCCATTTCTTTGTA,0.0,1.0,0.0
AGAGGACCCGACACGCCCGA,0.0,1.0,0.0
AGAGTCAATATTAAGCGGGG,1.0,0.0,0.0
AGAGTTAAAAAACACATCCAA,0.0,1.0,0.0
AGATACCCCATATCTATGGA,1.0,0.0,0.0
AGATGAGTTATTTGTCTACT,0.0,1.0,0.0
AGATGGGGCACCATGCTCCT,1.0,0.0,0.0
AGATTATCCGCACTGACTAA,0.0,1.0,0.0
AGATTTTCCAAACTGACTAA,1.0,0.0,0.0
AGATTTTCCACACTCACTAA,1.0,0.0,0.0
AGATTTTCCACACTGACTGA,0.0,1.0,0.0
AGCAAAGAGATACTTCATCA,1.0,0.0,0.0
AGCAAATATAGGTGAATTGT,0.0,0.0,1.0
AGCAATAGGCCCTGCGATGTA,1.0,0.0,0.0
AGCATCAGACATACAAACAA,1.0,0.0,0.0
AGCATGGTATTTAAATCTTG,0.0,1.0,0.0
AGCCACCTGGATGCCTGAGT,1.0,1.0,0.0
AGCCACCTGGATTCCTGAGT,1.0,0.0,0.0
AGCCACCTGGATTGCTGAGT,1.0,0.0,0.0
AGCCACTTGGCTTCCTGAGT,0.0,1.0,0.0
AGCCTCACCAGCAGAGAGCT,1.0,0.0,0.0
AGCGGCTCCTGCTTCTGAGG,1.0,0.0,0.0
AGCGTTTATCCATTTCAGAA,0.0,1.0,0.0
AGCGTTTTGTAATTCGTCTC,1.0,0.0,0.0
AGCTACCTGGATCCCTGAGT,1.0,0.0,0.0
AGCTTCAGACATACAAACTA,1.0,0.0,0.0
AGGAGACCAGACAGGCCCGA,1.0,0.0,0.0
AGGAGTCATAGGCTGACTTC,1.0,0.0,0.0
AGGAGTCCTAGGCTGATTTC,0.0,1.0,0.0
AGGAGTCCTAGGCTGCCTTC,1.0,0.0,0.0
AGGAGTCTTAGGCTGCCTTC,1.0,0.0,0.0
AGGCTGCACTGTCCATATAA,0.0,1.0,0.0
AGGCTGCACTGTCCATATAT,1.0,1.0,0.0
AGGCTGTACAGTCCATTTAT,1.0,0.0,0.0
AGGCTGTACTGTTCCATTTAT,1.0,0.0,0.0
AGGGATCACCAGCAATATTC,1.0,0.0,0.0
AGGGATCAGCAGCAATATTC,1.0,0.0,0.0
AGGGCACAGTAGTGGTGCAA,1.0,0.0,0.0
AGGGCCACCTGTTGGTGGGC,0.0,1.0,0.0
AGGGCCGCCACTTGGTGGGC,0.0,1.0,0.0
AGGGCCGCCAGTTGGTGGGC,1.0,0.0,0.0
AGGGCCGCCTGTTGGTGCGC,1.0,1.0,0.0
AGGGCCGTCAGGTGGTGGGC,1.0,0.0,0.0
AGGGCCGTCTGTTGGTGGGC,1.0,0.0,0.0
AGGGCCTCCTGTTGGTGGGC,0.0,1.0,0.0
AGGGGACCCGACAGGTCCGA,1.0,0.0,0.0
AGGGGACCCGACGGGCCCGA,1.0,0.0,0.0
AGGGGACCTGACAGGCCCGA,1.0,0.0,0.0
AGTAATAAAATCTATGAATA,0.0,1.0,0.0
AGTACAAACAATGAGACACC,1.0,0.0,0.0
AGTACAGTACAATGAACCCA,0.0,1.0,0.0
AGTAGCAGTTCATGTAGCCA,1.0,0.0,0.0
AGTAGCAGTTCATGTAGCCT,0.0,1.0,0.0
AGTAGGAGAATCTATGAATA,0.0,1.0,0.0
AGTAGGAGATTCTATGAATA,0.0,1.0,0.0
AGTAGTAGAATCCGTGAATA,0.0,1.0,0.0
AGTATAAACAATGAGACACC,0.0,1.0,0.0
AGTATGAACAATGAAACACC,1.0,0.0,0.0
AGTATTCGAGTCAGGAACTA,0.0,1.0,0.0
AGTATTGGAGTCAGGAACAA,1.0,0.0,0.0
AGTATTGGAGTGAGGAACTA,1.0,1.0,0.0
AGTCAGACAAGGATATCCTG,1.0,0.0,0.0
AGTGTAAACAATGAGACACC,1.0,0.0,0.0
AGTGTAAACACTGAGACACC,1.0,0.0,0.0
AGTTGTACTTCCCAGAAGTC,1.0,0.0,0.0
ATAAAAGTCACTTACCTAAA,0.0,0.0,1.0
ATAAGGTTTCTGCTCATATT,0.0,1.0,0.0
ATACATGGATGACTTGTATG,0.0,1.0,0.0
ATAGCACTACTCTTTAGTTC,0.0,1.0,0.0
ATAGGCAAGCCACTTGGATTC,1.0,0.0,0.0
ATATATCGATGACTTGAATG,0.0,1.0,0.0
ATATATGGATGATCTGTATG,1.0,0.0,0.0
ATATCAGCACAAGTCGAGAT,0.0,1.0,0.0
ATATCAGCACTAGTGGAGAT,0.0,1.0,0.0
ATATCAGCACTATTGGAGAT,0.0,1.0,0.0
ATATCAGCACTTGTGGATAT,1.0,1.0,0.0
ATATCAGCACTTTTGGAGAT,1.0,0.0,0.0
ATATCTGGACTTCGTTGACT,0.0,1.0,0.0
ATATCTTGTCTTCGTTGAGA,1.0,1.0,0.0
ATATGGTAGTAATAGAAACA,0.0,1.0,0.0
ATATGGTCGTAATAGCAACA,0.0,1.0,0.0
ATATGGTGGTAATAGCAACA,0.0,1.0,0.0
ATATTCCAAAGTAGCATGAC,0.0,1.0,0.0
ATATTGCTTTGGTTCCTCTA,0.0,1.0,0.0
ATATTTTTGTCATGCTACAT,1.0,0.0,0.0
ATCAAAGTGTGGCAAGTAGA,0.0,1.0,0.0
ATCAATGAGGAAGCTGCAGA,0.0,1.0,0.0
ATCACAAAAATTCGAAATTT,0.0,1.0,0.0
ATCACATAGAACTTTAAATG,1.0,0.0,0.0
ATCAGTTTTAGGCTGACTTC,0.0,1.0,0.0
ATCCATCCAATGCTGGCTAA,0.0,1.0,0.0
ATCCATCCAATGCTGGCTCA,0.0,1.0,0.0
ATCCATCCAATGTGTTCCTG,1.0,0.0,0.0
ATCCATCCTATGTGTTCCTG,0.0,1.0,0.0
ATCCATCCTATTTGTTCCTG,1.0,0.0,0.0
ATCCTTTGACGTACACAATA,0.0,1.0,0.0
ATCCTTTGATGTACCCAATA,1.0,0.0,0.0
ATCGGCTACTTAGTCTTTTG,0.0,1.0,0.0
ATCGGCTCCAGCTTCGGAGG,0.0,1.0,0.0
ATCGGCTCCTGCATCTGAGG,1.0,1.0,0.0
ATCGGCTCCTGCCTCTGAGA,1.0,0.0,0.0
ATCGGCTCCTGCCTCTGAGG,1.0,0.0,0.0
ATCGGCTCCTGCTTCGGAGG,1.0,0.0,0.0
ATCGGGCTCCTGCTTCTGAGG,1.0,1.0,0.0
ATCTGCTGTTTCTAACAGGC,1.0,0.0,0.0
ATCTTTTGATGTCCACAATA,0.0,1.0,0.0
ATGAGGATATAATCAGTTTA,1.0,0.0,0.0
ATGATACAGTATTAGAAGAC,0.0,1.0,0.0
ATGATTGTCAGGCAACTATA,0.0,1.0,0.0
ATGATTGTGTGGCAAGTAGA,1.0,1.0,0.0
ATGATTGTGTGGCAAGTCGA,0.0,1.0,0.0
ATGCTTCCAGGGCACTAATC,1.0,0.0,0.0
ATGGGATTAAATACAATAGT,0.0,1.0,0.0
ATGTACTATTGGCAGGCTAC,0.0,1.0,0.0
ATGTCAATCGCCATAGAATC,1.0,0.0,0.0
ATGTGCCTAATCATCCAATG,0.0,1.0,0.0
ATGTTTCCAAGGGCTCTAGTC,1.0,0.0,0.0
ATGTTTCCAGGGCTCTAGTT,0.0,1.0,0.0
ATGTTTTCAGGGCTCTAGTC,1.0,0.0,0.0
ATTAGGACATACCACATCCAG,0.0,1.0,0.0
ATTAGTCTGCCTGGTCATAT,1.0,0.0,0.0
ATTATAAAAGAAGACAACGA,1.0,0.0,0.0
ATTCAAAAAGAAGCGGTTCA,1.0,0.0,0.0
ATTCATCCTATTTGTTCCTG,0.0,1.0,0.0
ATTCGAAAAGAGCCAGTACA,0.0,1.0,0.0
ATTCGCAGAACCAGCAAGAA,0.0,1.0,0.0
ATTCTCAAAGAGCCAGTACA,1.0,0.0,0.0
ATTCTCAAAGCGCCAGAACA,1.0,0.0,0.0
ATTGCTCTCCCTGGTCCTCT,1.0,0.0,0.0
ATTTAAGTAAACACATTACT,1.0,0.0,0.0
ATTTACCAATACTACTGCTT,0.0,1.0,0.0
ATTTCCTGTCCTGTTTCTGC,0.0,1.0,0.0
ATTTTAAAAGAACCAGTACA,1.0,0.0,0.0
ATTTTCCAATACTGCTTCTT,0.0,1.0,0.0
CAAACAAAGATTACCAATTT,0.0,1.0,0.0
CAAAGCATCCTACTATCATT,1.0,0.0,0.0
CAAATCTTTTGAAGCTTCCA,0.0,1.0,0.0
CAAATGCTGTTTATTCATTT,1.0,0.0,0.0
CAAATGGTGTTTATTCATTT,1.0,0.0,0.0
CAACAAGCGACTTTCTGAAC,0.0,0.0,1.0
CAACAATGGACATTCCGAAA,0.0,0.0,1.0
CAACTGGAGGATATGAACTA,0.0,1.0,0.0
CAAGAAAATATGCAAAAATG,0.0,1.0,0.0
CAAGAACCCCCATTCCTTTGG,1.0,0.0,0.0
CAAGCTGAGCCAGCAGCCGA,1.0,1.0,0.0
CAAGCTGTTAGACACTTTCC,1.0,0.0,0.0
CAATATTATTATGAGGAGAAA,0.0,0.0,1.0
CAATTTAAAGTAACCCAGAG,1.0,1.0,0.0
CACAACTGATTCAAAGTACT,1.0,0.0,0.0
CACAATTTCAAAAGAAAAGG,0.0,1.0,0.0
CACAATTTCAAAATAAATGG,0.0,1.0,0.0
CACAGAAGATAGTGGGAAAG,1.0,0.0,0.0
CACCATCATATTGTGTCAAT,0.0,1.0,0.0
CACCTATTACTATGCTTTCT,0.0,1.0,0.0
CACTATGAAAGCACTAATCC,1.0,0.0,0.0
CACTATGTTTACTTCTAAAC,1.0,0.0,0.0
CACTATTTTAAGAGAAAAGG,1.0,0.0,0.0
CAGAAAGAACCCCCATTTCT,1.0,0.0,0.0
CAGAAAGAACCTCATATTCT,0.0,1.0,0.0
CAGAACAACACACCAGGGCC,0.0,1.0,0.0
CAGAACTGCACACAAGCGCC,1.0,0.0,0.0
CAGAAGTACACATCCCACTA,1.0,0.0,0.0
CAGATTTGGAATCACACGAC,1.0,0.0,0.0
CAGCTGTCAACATAATTGGA,1.0,0.0,0.0
CAGGAAAATATGCAAAAATG,0.0,1.0,0.0
CAGTAAAATGAAAGCCAGGA,1.0,1.0,0.0
CAGTAACAGTACTGGATGTG,0.0,1.0,0.0
CAGTAACAGTACTGGATTTG,0.0,1.0,0.0
CAGTGACACTACTGGATGTG,1.0,0.0,0.0
CAGTGCAATTTAAACGAACA,1.0,0.0,0.0
CAGTGCACTTTAAACAAACA,1.0,1.0,0.0
CAGTGCCTTGGAATACTAGT,1.0,1.0,0.0
CAGTTACAGTACTGCATGTG,1.0,0.0,0.0
CATAAATAAACACAACTACA,0.0,0.0,1.0
CATAAGAGGTAAGGTGAAGA,1.0,0.0,0.0
CATAATCCCATCCAAAGGAAT,1.0,0.0,0.0
CATAGTGATAGGAAACTGACA,0.0,1.0,0.0
CATAGTGTTAGGAAACTGACA,1.0,1.0,0.0
CATGGCCCGAGAGCTGCCTC,1.0,0.0,0.0
CATGGCCGGAGAGAAGCATC,0.0,1.0,0.0
CATGGGATCGCGCTTCTCGT,1.0,0.0,0.0
CATTAGTTGGTCTGCTAGTT,1.0,0.0,0.0
CCAAACTAACACTTCTTTCT,1.0,1.0,0.0
CCAAGATTGATATGATTCTT,1.0,0.0,0.0
CCAATTCTTGCTCTCCGCTG,1.0,0.0,0.0
CCACAATCCTCGATACAATC,1.0,0.0,0.0
CCACAATCCTCGCCACAATC,1.0,0.0,0.0
CCACAATCCTCGCTACAATC,0.0,1.0,0.0
CCACACTAATACTTCTCCCT,0.0,1.0,0.0
CCACATATCCTCGCTACAATC,0.0,1.0,0.0
CCACTCGAATACTTCTCCCT,1.0,0.0,0.0
CCACTCTAATACTTCTCTCT,1.0,0.0,0.0
CCACTCTAGCACTTCTCTCT,0.0,1.0,0.0
CCACTCTTCTCTTTGCCTTG,0.0,1.0,0.0
CCACTGGTGGTTCTGCACTA,0.0,1.0,0.0
CCACTTCTTGCTCTTCTCTG,1.0,0.0,0.0
CCAGAAAGCACTAACGAATA,1.0,0.0,0.0
CCAGCAAGAAAAGAATGAAC,1.0,0.0,0.0
CCAGTGTTGCGAAACTGACA,1.0,0.0,0.0
CCCAAGAACAATACAAGAAA,0.0,1.0,0.0
CCCATATTACCTATGCTTTCT,0.0,1.0,0.0
CCCCTACCCGTATTGTGACG,1.0,0.0,0.0
CCCCTATTACTATGCTTTCT,1.0,0.0,0.0
CCCCTGGAGGTTATGTACTA,1.0,0.0,0.0
CCCCTGGTGGTTCTGCACTA,1.0,0.0,0.0
CCCCTGTAGGTTCTGCACTA,0.0,1.0,0.0
CCCGAATCCTGTAAAGCTAG,0.0,1.0,0.0
CCCTCGAACTTCACCTCGGC,1.0,0.0,0.0
CCGACAAGAAAAGAATGAAC,0.0,1.0,0.0
CCGGCAAGAAAAGAATGAAC,1.0,1.0,0.0
CCGGTGGTGCAGATGAACTT,1.0,0.0,0.0
CCTACCCCATCCAAAGAAAT,0.0,1.0,0.0
CCTCGATTCCTCCGCGCCTG,1.0,0.0,0.0
CCTGAATCCTGCAAGGCTGG,0.0,1.0,0.0
CCTGAATCCTGCAAGGGCTAG,1.0,0.0,0.0
CCTGACTCCTGCAAGGGCTAG,0.0,1.0,0.0
CCTTGACTATGGGGGTTGTG,1.0,0.0,0.0
CCTTGGCCTTGGGGATTGTA,0.0,1.0,0.0
CGAAAGGGCTTTGCTATAAG,0.0,1.0,0.0
CGAAGTGAGCCAGCATCAGA,0.0,1.0,0.0
CGAGAAGGCACTTTCCGAAA,0.0,0.0,1.0
CGATCTCTCCTACTGGGATAG,1.0,0.0,0.0
CGCAACAGGCCCTGCCTGCA,1.0,0.0,0.0
CGCTCCGCAGGTCGTCCCAG,0.0,1.0,0.0
CGGACGCGAGCCAAATAAAA,0.0,1.0,0.0
CGGGCTCTAGTCCAGGATCTA,0.0,1.0,0.0
CGTAGCTGAGCCAGCAGCAGA,1.0,0.0,0.0
CGTAGGAGAAATTTATAAAAG,0.0,1.0,0.0
CGTCGATTCCTTCTGGCCTG,0.0,1.0,0.0
CTAAAAACAGGAAAATATGC,1.0,0.0,0.0
CTAAAAGGGACTATCCGAAT,0.0,0.0,1.0
CTAAAAGGTACTTTCCGAAA,0.0,0.0,1.0
CTAAAAGTCACTTTCGGAAA,0.0,0.0,1.0
CTAAACACTACAAACCGAAA,0.0,0.0,1.0
CTAAATGTCCGAAAATTTCC,1.0,0.0,0.0
CTAACAAGCCAGGGTTAACT,1.0,0.0,0.0
CTAACAAGGCCAGTGTTATCT,0.0,1.0,0.0
CTAACAGGACAGGGTTAACT,1.0,1.0,0.0
CTAACAGGCCACCGGAAACT,0.0,1.0,0.0
CTAACAGGCCACGATTGACT,0.0,1.0,0.0
CTAACAGGCCACGGGTTAACT,1.0,0.0,0.0
CTAACAGGCCAGGGGTAACT,0.0,1.0,0.0
CTAACCAGGCCAGGATTGACT,1.0,0.0,0.0
CTAATCAGGCCAGGGTTAACT,0.0,1.0,0.0
CTACAACGGAATTTCAGAAA,0.0,0.0,1.0
CTACAACTGATTATCCATAT,0.0,1.0,0.0
CTACAAGAGAATCTCCGAAA,0.0,0.0,1.0
CTACAAGCCACTTTCCGAAA,0.0,0.0,1.0
CTACAAGCTACATTCGTAGA,0.0,0.0,1.0
CTACAAGCTCCTTTCCGAAA,0.0,0.0,1.0
CTACAAGGGACTATCCTAAA,0.0,0.0,1.0
CTACAAGGGACTTTACGAAA,0.0,0.0,1.0
CTACAAGGGACTTTCCAAAA,0.0,0.0,1.0
CTACAAGGGACTTTCCGAAA,0.0,0.0,1.0
CTACAAGGGACTTTCCGAAT,0.0,0.0,1.0
CTACAAGGGACTTTCTGAAA,0.0,0.0,1.0
CTACAAGGTAATTTCCGAAA,0.0,0.0,1.0
CTACAAGTCACTTTCCGAAA,0.0,0.0,1.0
CTACAAGTGACTATCCGAAA,0.0,0.0,1.0
CTACAATGTACTTTCCTAAA,0.0,0.0,1.0
CTACACTACACTATCTGACA,0.0,0.0,1.0
CTACAGGGTCAACAGCTCCT,0.0,1.0,0.0
CTACATGTGAGTTTCCGAAA,0.0,0.0,1.0
CTACTACTGTTTATCCTTTA,1.0,0.0,0.0
CTACTATTTCTTTAGACACT,1.0,0.0,0.0
CTAGATAAATTAGTCAGTAA,1.0,0.0,0.0
CTAGCACCATCCAAAGGTCA,0.0,1.0,0.0
CTAGCTACATGGACCGCTAC,0.0,1.0,0.0
CTAGGATTAAATAAAATGAGT,0.0,1.0,0.0
CTAGTATTAAATAAAATAGT,0.0,1.0,0.0
CTAGTGTCGCAAAACTGAAA,0.0,1.0,0.0
CTAGTGTCGCAAAACTGACA,0.0,1.0,0.0
CTAGTGTTACAAAACTGACA,0.0,1.0,0.0
CTAGTGTTGCGAAACTGACA,0.0,1.0,0.0
CTAGTTCTGCGTAGCGGTCA,1.0,0.0,0.0
CTATCAGGCCAGGATTGACT,1.0,0.0,0.0
CTATCAGGCCAGGGTTACAA,0.0,1.0,0.0
CTCTCAGGCCAGGGTTAACT,1.0,0.0,0.0
CTCTGCCGTTGAATCCTAGT,1.0,0.0,0.0
CTGAACACAGGAAAATATGC,1.0,0.0,0.0
CTGAGCCTTGCGAATACTAGT,1.0,0.0,0.0
CTGCTACCCACGCTCAGAAA,0.0,0.0,1.0
CTGGAATCACACGACCTGGA,1.0,0.0,0.0
CTGGGACTAAATAAAATAGT,1.0,0.0,0.0
CTGTGCCTTAGAATGCTAGT,1.0,1.0,0.0
CTGTGCCTTGCGAATACTAGA,0.0,1.0,0.0
CTGTGCCTTGCGAATACTAGT,0.0,1.0,0.0
CTTAATATGCACCTTAATTG,1.0,0.0,0.0
CTTATTCTTGTAGGGATGTG,1.0,0.0,0.0
CTTATTCTTTTTTAACCCTG,0.0,1.0,0.0
CTTCACTACAAGGGAAGGCCA,1.0,0.0,0.0
CTTCCCATGGTTCCTTTAGT,1.0,0.0,0.0
CTTCCCATGTTTGTTTTTGT,1.0,0.0,0.0
CTTCCTACAAGGGAAGGCCA,0.0,1.0,0.0
CTTCGATGTCCTTCTGGCCTG,1.0,0.0,0.0
CTTCGATTCCTCCGGACCTG,0.0,1.0,0.0
CTTCGATTCCTTCGGGCCTG,1.0,0.0,0.0
CTTCGATTCCTTCGGGCTTG,0.0,1.0,0.0
CTTCGATTCCTTCTGGCCTG,1.0,0.0,0.0
CTTCTAAGGACTATACTAAA,0.0,0.0,1.0
CTTCTTCTGGGCTGGGGTCT,1.0,1.0,0.0
CTTCTTCTGGGTTAGGGTCT,1.0,0.0,0.0
CTTCTTGTGGGCTGGGATCA,0.0,1.0,0.0
CTTCTTGTGGGCTGGGGGCT,0.0,1.0,0.0
CTTCTTGTGGGTTATGGTCT,0.0,1.0,0.0
CTTCTTGTGGGTTGGGCTCT,1.0,0.0,0.0
CTTCTTGTGTGTTGGGGTCT,1.0,0.0,0.0
CTTCTTTTGGGCTGGGGTCT,1.0,0.0,0.0
CTTGCCATGTTTCTTTTTGT,1.0,1.0,0.0
CTTGGATTCCTTCTGGCCTG,1.0,0.0,0.0
CTTTATCTTTTTTAACCCTG,0.0,1.0,0.0
CTTTATGTCCACAAATTTAT,1.0,0.0,0.0
CTTTTATAGATGTATCCTAC,1.0,1.0,0.0
CTTTTATAGATTTCCCCTAC,1.0,0.0,0.0
CTTTTGCGATTCTTCAATTA,1.0,0.0,0.0
CTTTTTCTTTTTGAACCCTG,0.0,1.0,0.0
GAAAAATGGACTTACAGAAA,0.0,0.0,1.0
GAAATCAGGAGTGCATGCCA,0.0,1.0,0.0
GAAATCATGACAGCATGCCA,0.0,1.0,0.0
GAAATGATGACAGAATGTCA,0.0,1.0,0.0
GAAATGATGACAGCATGTCA,0.0,1.0,0.0
GAACAACCCACTTACCGAAA,0.0,0.0,1.0
GAACAACGGACTTTCCGAAA,0.0,0.0,1.0
GAACAAGAGAAGTTCCTAAA,0.0,0.0,1.0
GAACAAGAGACTTTCCGAAA,0.0,0.0,1.0
GAACAAGATAAATTCCGAAA,0.0,0.0,1.0
GAACAAGCGACTATCCTATA,0.0,0.0,1.0
GAACAAGGGACGTTCCGAAA,0.0,0.0,1.0
GAACAAGGGACTTTCCGAAA,0.0,0.0,1.0
GAACAATGGACTTTCCTAAA,0.0,0.0,1.0
GAACAGTTTTAATTGTGGAT,0.0,1.0,0.0
GAACCATGTAATATCAAATT,0.0,0.0,1.0
GAAGCTGTTAGACATTTTCC,1.0,0.0,0.0
GAAGGAGGCTTGATAGGTTT,0.0,1.0,0.0
GAAGTCTCCTACTGGGATAG,1.0,0.0,0.0
GAATATGGGTTTGATTATGC,1.0,0.0,0.0
GACAGATTTGAGTGGTGCCA,1.0,0.0,0.0
GACATATCTATGAAACATAC,0.0,1.0,0.0
GACATGGGAAAACATGGTGGA,0.0,1.0,0.0
GACATTCTGGGAAGTTCAACT,0.0,1.0,0.0
GACCAGATATCCACTGACCT,1.0,0.0,0.0
GACCAGCTATCCACTGACCT,1.0,0.0,0.0
GACCATCAATGAGGAAGCTG,0.0,1.0,0.0
GACCATCAATGAGGAGGCTG,1.0,0.0,0.0
GACCATCAGTGAGGAGGCTG,1.0,0.0,0.0
GACCGGATATCCACTGACCT,0.0,1.0,0.0
GACGATGTTAAAGAATATCG,1.0,0.0,0.0
GACTACAATACCCAAAGTCA,1.0,0.0,0.0
GACTATGAAAGCACTCATCC,1.0,0.0,0.0
GACTGAATTGAGGGAGGCTC,1.0,0.0,0.0
GACTTACTCTTGATTGCAGC,1.0,0.0,0.0
GACTTACTCTTGATTGTGAC,1.0,1.0,0.0
GACTTCTGGGAAGTTCACCT,1.0,0.0,0.0
GACTTCTGGGAAGTTCAGTT,1.0,0.0,0.0
GAGAAATTTGAGGCAATTAA,0.0,1.0,0.0
GAGAACAACATCTGTTGAGGT,1.0,0.0,0.0
GAGAAGTCCTCAAATATTGG,1.0,0.0,0.0
GAGACAACATTTGTTGAGGT,0.0,1.0,0.0
GAGACAAGGGGTCGCTGCCA,1.0,0.0,0.0
GAGACAAGGGGTCGTTGCCA,0.0,1.0,0.0
GAGAGGATGACAGCATGTCA,1.0,1.0,0.0
GAGAGGATGACTGCATGTCA,1.0,1.0,0.0
GAGATGATGACAGCATATCA,1.0,0.0,0.0
GAGATGATGACAGCATGTCA,0.0,1.0,0.0
GAGATTTGGGATAACATGAC,1.0,1.0,0.0
GAGATTTTCCACACTGACTAA,0.0,1.0,0.0
GAGCAGATGACAGTGGCAAT,1.0,0.0,0.0
GAGCAGTAGATAGTGGCAAT,1.0,0.0,0.0
GAGGGTCTGAAACGACAATG,1.0,0.0,0.0
GAGTCATTTGAGGGAGGCTA,0.0,1.0,0.0
GAGTGATTTGAGGGACGTTA,0.0,1.0,0.0
GAGTGATTTGAGGGAGGCTC,1.0,0.0,0.0
GAGTGATTTGAGTGACGATA,0.0,1.0,0.0
GAGTGCTTTGAGGGAGGCTA,1.0,0.0,0.0
GAGTTGATGACAGCATGTCA,1.0,0.0,0.0
GATAGTCACAGATAATTGAC,1.0,0.0,0.0
GATCAGAAGATAGTGGCAAT,0.0,1.0,0.0
GATCAGATATCCACTGCCCT,1.0,0.0,0.0
GATCATATATCCACTGACCT,1.0,0.0,0.0
GATCCAACATCTGTTGCAGT,1.0,0.0,0.0
GATGAGGGACAATTGGTGAA,0.0,1.0,0.0
GATGCTCCCAGGGCTCTAG,0.0,1.0,0.0
GATGCTTCCAGGGCTCTAGT,1.0,0.0,0.0
GATGGCCGGAGAGAAGCATC,1.0,0.0,0.0
GATGTCTCCTACTGAGATAG,0.0,1.0,0.0
GATGTCTGCTACTGGGATAG,0.0,1.0,0.0
GATTCCTCCCCTGTCTCTGT,1.0,0.0,0.0
GATTGGCGATTCTTCAAATA,0.0,1.0,0.0
GATTGGTAATATCAACATAT,1.0,0.0,0.0
GATTTCTGGGACGTTCAATT,1.0,0.0,0.0
GCAATGACCAGGCTGCAGAA,1.0,0.0,0.0
GCACACGCCAAGGCAAGTAG,1.0,0.0,0.0
GCACAGTTTTAATTGTGGAG,0.0,1.0,0.0
GCACCGACCAAGGCAAAAAG,0.0,1.0,0.0
GCACTATTTTGATTGTTTTT,0.0,1.0,0.0
GCAGATGCTTTATTCTTGTA,0.0,1.0,0.0
GCAGCAGCTGAGGGGACAGA,0.0,1.0,0.0
GCAGCAGTGAAGGACAAAAA,1.0,0.0,0.0
GCAGCAGTTCTTGTAGTACT,0.0,1.0,0.0
GCAGCTGCTTATTGCTAGTA,0.0,1.0,0.0
GCAGCTGCTTTCTGCCTGTA,0.0,1.0,0.0
GCAGCTGCTTTTTGCGTGTA,1.0,0.0,0.0
GCAGCTGCTTTTTGCTTGTA,1.0,1.0,0.0
GCAGGAGGGGAGGACATAAA,0.0,1.0,0.0
GCAGGAGTGGAAGACATAAT,0.0,1.0,0.0
GCAGGAGTGGAGGCCATAAT,0.0,1.0,0.0
GCAGGTATCCGCCAGGAATT,1.0,0.0,0.0
GCAGTAGCTGAAGCGACAGA,1.0,0.0,0.0
GCAGTAGCTGAAGGCACAGA,1.0,0.0,0.0
GCAGTAGCTGAAGGGCCAGA,1.0,0.0,0.0
GCAGTAGCTGAGGCAACAGA,1.0,0.0,0.0
GCAGTAGCTGAGGGCACAGA,1.0,0.0,0.0
GCAGTAGCTGAGGGGACAGA,0.0,1.0,0.0
GCAGTAGCTGATGGAACAGA,0.0,1.0,0.0
GCAGTAGCTGTGGGGACAGA,0.0,1.0,0.0
GCAGTATAATGTGCTTCCAC,1.0,0.0,0.0
GCATCACAAGATGTAAAAAA,1.0,0.0,0.0
GCATGGGTACCAGCACACAA,1.0,1.0,0.0
GCATGGGTCCCCATTCACAT,1.0,0.0,0.0
GCATTACTTTGATTGTTTTT,1.0,0.0,0.0
GCATTAGCTGAGGGTACAGC,0.0,1.0,0.0
GCCAAAATTACTCTATAGTG,0.0,1.0,0.0
GCCAAGAAATGAGGCGGTCTA,1.0,0.0,0.0
GCCACAACCATCCCTTCAGA,1.0,0.0,0.0
GCCACAGAGAGGAACCATACA,0.0,1.0,0.0
GCCACAGAGGGAGCGATACA,1.0,1.0,0.0
GCCCCTGTTTGACTTTTTCC,1.0,0.0,0.0
GCCGAATCCTGTAAAGCTAG,0.0,1.0,0.0
GCCGATCATCCTGCCTTTAT,1.0,0.0,0.0
GCCGGGGCACAATCATGTAT,0.0,1.0,0.0
GCCGGGGTACAATAATGTTT,1.0,0.0,0.0
GCCGTGCGCGCTTCAGCAAG,0.0,1.0,0.0
GCCGTTTCTCCATTTCAGAA,0.0,1.0,0.0
GCCTGATGTACCTTTTGCCC,1.0,0.0,0.0
GCCTGGGCACAATCATGTAT,1.0,0.0,0.0
GCGAAAATTACTCTATAGTG,1.0,0.0,0.0
GCGCAGAAGATAGTGGCAAT,0.0,1.0,0.0
GCGCAGTATTGGCACGCCGC,1.0,0.0,0.0
GCGCGATCACATGCTCATGC,0.0,1.0,0.0
GCGCGATCACATGGTCCTGC,0.0,1.0,0.0
GCGGGAATCAAGCAGGAATT,1.0,0.0,0.0
GCGGGAATCAAGTAGGAATT,1.0,0.0,0.0
GCGGGAATCACGCAGGAATT,0.0,1.0,0.0
GCGGTGCGCGCTTCAGCAAG,1.0,0.0,0.0
GCGTCAACAGGAGGTAAATTA,1.0,0.0,0.0
GCGTGGCCTGGGCAGGACTG,0.0,1.0,0.0
GCGTGGGTACCAGCACATAA,1.0,1.0,0.0
GCGTGTCTGAAACGATAATG,1.0,0.0,0.0
GCTAAGTATCCGTTGACTAA,1.0,0.0,0.0
GCTACAACCAGCCCTTCTGA,0.0,1.0,0.0
GCTACAACCATCCCTGCAGA,1.0,1.0,0.0
GCTACACCCCGCCCATCAGA,1.0,0.0,0.0
GCTATTCGCCACATACCTAG,0.0,1.0,0.0
GCTATTCTCCACAATACCTAC,1.0,0.0,0.0
GCTCAGACCAAGGCAAAAAG,0.0,1.0,0.0
GCTCAGTTTTAATTGTGGAG,1.0,0.0,0.0
GCTCCGACCAAGGCAAAAAG,0.0,1.0,0.0
GCTCGGCTCTTAGAGTTTTA,1.0,0.0,0.0
GCTGCTTAATGCCCCAGACT,0.0,1.0,0.0
GCTGCTTGATGCCCCACACT,1.0,0.0,0.0
GCTGTACTTTCTATAGTAGA,0.0,1.0,0.0
GCTGTGAGCGCTTCAGCAAG,1.0,0.0,0.0
GCTGTGCGCGCTTCAGCAAC,1.0,0.0,0.0
GCTGTTTGATGCCCCAGACT,0.0,1.0,0.0
GCTGTTTGATGCCCCAGTCT,0.0,1.0,0.0
GCTTCACAAGAAGTAAAAAA,0.0,1.0,0.0
GCTTCACAAGATGTAAAAAC,0.0,1.0,0.0
GCTTCACAAGATGTATAAAA,1.0,0.0,0.0
GCTTCACAGGAGGTAAGAAA,0.0,1.0,0.0
GCTTTTCTTTTTTACCCCTC,1.0,0.0,0.0
GGAAAGGGCTTTGCTATGAG,1.0,0.0,0.0
GGAAAGGGCTTTGCTATTAG,0.0,1.0,0.0
GGACAAGAGACTATCCGAAA,0.0,0.0,1.0
GGACAAGGGACTTTCCGAAA,0.0,0.0,1.0
GGACATGTAGACTGTAGCCC,1.0,0.0,0.0
GGACTCAACAAATCAGAAGA,0.0,1.0,0.0
GGAGACTATATTAGGTAAAG,0.0,1.0,0.0
GGAGAGTGATGGCGATCAGG,0.0,1.0,0.0
GGAGAGTGATGGGGATCAGC,0.0,1.0,0.0
GGAGAGTGATGGGGATCAGG,0.0,1.0,0.0
GGAGGACCAAGCCATAAAGC,0.0,1.0,0.0
GGAGGACCCAGACATAAAGC,1.0,0.0,0.0
GGAGGAGGCTTAATAGGTTT,0.0,1.0,0.0
GGAGGCGCATTAAGTGGTTT,1.0,0.0,0.0
GGAGTACCTGGCCATAAAGC,0.0,1.0,0.0
GGAGTTCAATAACCCCTCCAA,0.0,1.0,0.0
GGATAAACAAACTCCAACTC,1.0,0.0,0.0
GGATCAGAGATCCACTGACC,1.0,0.0,0.0
GGATGGCCTGATGTAAGGGA,1.0,0.0,0.0
GGCAAATACTGGCGTATTGT,0.0,1.0,0.0
GGCAAATTTTGGAGTATTGT,0.0,1.0,0.0
GGCATCAAGCAGCTCCCGGC,1.0,0.0,0.0
GGCATCGAACAGCTCCAGGC,1.0,0.0,0.0
GGCATGGGTACCAGGACACA,0.0,1.0,0.0
GGCATTAAGCAGCTCCAGGA,0.0,1.0,0.0
GGCATTAAGCAGCTGCAGGC,1.0,0.0,0.0
GGCCACATGGATTCCTGAGT,0.0,1.0,0.0
GGCCACCAGGATTCCTGAGT,1.0,1.0,0.0
GGCCACCGGGGTTCCTGAGT,1.0,0.0,0.0
GGCCACCTGGATTCCTGATA,0.0,1.0,0.0
GGCCACCTGGCTTCCTGAGT,0.0,1.0,0.0
GGCCACCTGGGTTCCTGAGT,0.0,1.0,0.0
GGCCATCTTCCTGCTGAATTT,0.0,1.0,0.0
GGCGACCTGGATTCCTGATT,0.0,1.0,0.0
GGCGTGCTGCTTCATGTGGT,1.0,0.0,0.0
GGCTCCGCAGGGCGTCCCAG,1.0,0.0,0.0
GGCTCCGCAGGTCGTCCCAG,1.0,1.0,0.0
GGCTCCTGTCCTGTTTCTGC,0.0,1.0,0.0
GGCTCTGCAGGTCGTCCCAG,0.0,1.0,0.0
GGGAAATCCTCAAATATTGG,1.0,1.0,0.0
GGGAAGCCCTCAACAATAGG,1.0,0.0,0.0
GGGCAAGTAGACTGTAGTCC,1.0,0.0,0.0
GGGCTCCAGTCTAGGCTCTA,0.0,1.0,0.0
GGGCTCTAGTCTAGCATCTA,0.0,1.0,0.0
GGGCTCTAGTCTCGGATCTA,0.0,1.0,0.0
GGGCTCTCGTCTAGGATCTA,0.0,1.0,0.0
GGGCTCTTGTCTAGCATCTA,0.0,1.0,0.0
GGGGAGTACAGATCAGGGGA,1.0,0.0,0.0
GGGGAGTACAGTTCAGGGGA,0.0,1.0,0.0
GGGTCCCCTCGGGATTGGGA,1.0,1.0,0.0
GGTAGCAGTCCATATAGCCA,1.0,0.0,0.0
GGTCAAGTAGACTCTGCTCC,1.0,0.0,0.0
GGTCCCCTCGGGATTGGGAG,1.0,0.0,0.0
GGTCCCCTCGGGGCTGAGAG,0.0,1.0,0.0
GGTCCCCTCGGGGCTGGGAA,1.0,1.0,0.0
GGTCCCCTCTGGGCTGGGTG,0.0,1.0,0.0
GGTCGAATCTCCTACAATAT,0.0,1.0,0.0
GGTCGTCCTAGATGAGTGCT,1.0,0.0,0.0
GGTGGAATCTCCTACAATAT,1.0,0.0,0.0
GGTGGCCCGAGAGCTGCATC,1.0,0.0,0.0
GTAAAACAGACTTTACGAAA,0.0,0.0,1.0
GTAAAACGTACATTCCCAAA,0.0,0.0,1.0
GTAAAAGACACTTTCCGAAA,0.0,0.0,1.0
GTAAAAGCGACTTTCCGAAA,0.0,0.0,1.0
GTAAAAGGGACCTTCCGAAA,0.0,0.0,1.0
GTAAAAGGGACTTTCCGAAA,0.0,0.0,1.0
GTAAACAAAAATAGCTAAAA,0.0,0.0,1.0
GTAAAGAGATTCATGTCTAA,1.0,0.0,0.0
GTAAATTTCACTTAAAGAAA,0.0,0.0,1.0
GTACAAATGACTATCCGAAA,0.0,0.0,1.0
GTACAACAGCGTATCAGAAA,0.0,0.0,1.0
GTACAACGCAGTTACAGAAA,0.0,0.0,1.0
GTACAACGCCCTGTCAGATC,0.0,0.0,1.0
GTACAACGGACTATCCGAAA,0.0,0.0,1.0
GTACAACGGACTTACAGAAA,0.0,0.0,1.0
GTACAACGGACTTACCGAAA,0.0,0.0,1.0
GTACAACGGACTTTCCGAAA,0.0,0.0,1.0
GTACAACGGAGTTTCCGCTA,0.0,0.0,1.0
GTACAAGAGACTATCCTAAA,0.0,0.0,1.0
GTACAAGAGACTTTCCGAAA,0.0,0.0,1.0
GTACAAGCGACTTTCAGAAA,0.0,0.0,1.0
GTACAAGCGACTTTCCGAAA,0.0,0.0,1.0
GTACAAGCTACTTTCCCAAA,0.0,0.0,1.0
GTACAAGGAAATTTCCGAAA,0.0,0.0,1.0
GTACAAGGACCTTTCCGAAA,0.0,0.0,1.0
GTACAAGGCACTTACCGAAA,0.0,0.0,1.0
GTACAAGGCACTTTCAGAAA,0.0,0.0,1.0
GTACAAGGCACTTTCCGAAA,0.0,0.0,1.0
GTACAAGGGAATTTCAGAAA,0.0,0.0,1.0
GTACAAGGGACATTCCGAAA,0.0,0.0,1.0
GTACAAGGGACCTTCCGAAA,0.0,0.0,1.0
GTACAAGGGACTAACCGAAA,0.0,0.0,1.0
GTACAAGGGACTATCCGAAA,0.0,0.0,1.0
GTACAAGGGACTTACCGAAA,0.0,0.0,1.0
GTACAAGGGACTTACCGAAC,0.0,0.0,1.0
GTACAAGGGACTTACCGAAT,0.0,0.0,1.0
GTACAAGGGACTTTACGAAA,0.0,0.0,1.0
GTACAAGGGACTTTCAGAAA,0.0,0.0,1.0
GTACAAGGGACTTTCAGAAT,0.0,0.0,1.0
GTACAAGGGACTTTCATAAA,0.0,0.0,1.0
GTACAAGGGACTTTCCGAAA,0.0,0.0,1.0
GTACAAGGGACTTTCCGAAC,0.0,0.0,1.0
GTACAAGGGACTTTCCGAAT,0.0,0.0,1.0
GTACAAGGGACTTTCCGATA,0.0,0.0,1.0
GTACAAGGGACTTTCCGCAA,0.0,0.0,1.0
GTACAAGGGACTTTCCTAAA,0.0,0.0,1.0
GTACAAGGGACTTTCCTATA,0.0,0.0,1.0
GTACAAGGGAGTTTCCGAAA,0.0,0.0,1.0
GTACAAGGGCCTTTCAGAAA,0.0,0.0,1.0
GTACAAGGGCCTTTCCGAAA,0.0,0.0,1.0
GTACAAGGTACATAACGAAA,0.0,0.0,1.0
GTACAAGGTACTTTCCGAAA,0.0,0.0,1.0
GTACAAGGTCAATTCCGAAA,0.0,0.0,1.0
GTACAAGTGACTTTCCGAAA,0.0,0.0,1.0
GTACAAGTGACTTTCCTAAA,0.0,0.0,1.0
GTACAATCGACTTTACGAAA,0.0,0.0,1.0
GTACAATGGAATTTCCGAAA,0.0,0.0,1.0
GTACAATGGACTTTCAGAAA,0.0,0.0,1.0
GTACAATGGACTTTCCAAAA,0.0,0.0,1.0
GTACAATGGACTTTCCGAAA,0.0,0.0,1.0
GTACACTACACTGTCCGAAA,0.0,0.0,1.0
GTACATTGTACGATCCGAAA,0.0,0.0,1.0
GTACCACTAAAATTGAAGCC,0.0,1.0,0.0
GTACGAGGGACTTTCCGAAA,0.0,0.0,1.0
GTACTAAAAATTGAACCATT,1.0,0.0,0.0
GTACTATAGCCTCTCCGAAC,0.0,0.0,1.0
GTAGAAAAATTAGTCAGTAA,1.0,0.0,0.0
GTAGAAAAATTTGAGCCATT,1.0,0.0,0.0
GTAGAAGGGACTTTCCGAAA,0.0,0.0,1.0
GTAGAATAGACTTTCCGAAA,0.0,0.0,1.0
GTAGACAAATTAGTCAGTGC,1.0,1.0,0.0
GTAGATAAACTAGTCAGTAA,0.0,1.0,0.0
GTAGATAAATTAGTAAGTAG,1.0,0.0,0.0
GTAGATAAATTAGTCAATTC,1.0,0.0,0.0
GTAGCACCATCCAAAAGGTCA,0.0,1.0,0.0
GTAGGAAGCTTGGTAGGTTT,0.0,1.0,0.0
GTAGGACCTGGCCATAAAGC,0.0,1.0,0.0
GTAGGACGCTAGATAGGTTT,1.0,0.0,0.0
GTAGGAGACTTCTATAAAAG,1.0,0.0,0.0
GTAGGAGAGATCTATAAAAG,1.0,0.0,0.0
GTAGGAGATATCTATACAAC,0.0,1.0,0.0
GTAGGAGGCTAGATATGTTT,1.0,0.0,0.0
GTAGGAGGCTTAATAGGTTT,1.0,1.0,0.0
GTAGGAGGCTTACTAGGTTT,1.0,0.0,0.0
GTAGGAGGCTTAGTAGCTTT,1.0,1.0,0.0
GTAGGAGGCTTAGTAGGCTT,0.0,1.0,0.0
GTAGGAGGCTTAGTCGGTTT,1.0,0.0,0.0
GTAGTAAAAATTGAACCGTT,1.0,0.0,0.0
GTAGTAAGCATTGAACCATT,0.0,1.0,0.0
GTAGTACAAATTGAACCATT,1.0,1.0,0.0
GTAGTACAAATTGCAGCAAT,0.0,1.0,0.0
GTAGTAGCTGAGGGGACAGA,1.0,0.0,0.0
GTAGTAGGATTGATAAGTAT,0.0,1.0,0.0
GTAGTGAGAATTGAACCAAT,0.0,1.0,0.0
GTAGTGAGAATTGAACCATT,1.0,1.0,0.0
GTATATTTCCGGGAAAGCTA,1.0,0.0,0.0
GTATCCTGCCCTGTCTCTGA,1.0,0.0,0.0
GTATGGCAGACCCACAGATC,1.0,0.0,0.0
GTATGTTTCAGGGAAAGGTA,1.0,0.0,0.0
GTATGTTTCAGGTAAAGCTA,1.0,0.0,0.0
GTATTAACAAACTCCCACTC,1.0,1.0,0.0
GTATTAACAGACTCCCACTC,1.0,0.0,0.0
GTATTGACAAATTCCCACTC,0.0,1.0,0.0
GTATTGATCGATGACTATGT,1.0,0.0,0.0
GTCAAGGAGTAGTAGAATAT,1.0,0.0,0.0
GTCAAGGAGTAGTAGCATCC,1.0,0.0,0.0
GTCAAGGAGTAGTGGAATCT,1.0,0.0,0.0
GTCAGGGAGTAGTACAATCC,0.0,1.0,0.0
GTCGAGCTGCTTCAAGTGGT,0.0,1.0,0.0
GTCGAGCTGCTTCATGAGGT,0.0,1.0,0.0
GTCGAGCTGCTTCATGTGGT,0.0,1.0,0.0
GTCGTGCTGCCTCATGTCGT,1.0,0.0,0.0
GTCGTGCTGCTTCTTGTGGT,0.0,1.0,0.0
GTCGTGCTTCTTCTTGTGGT,0.0,1.0,0.0
GTCTTGCGATTCTTCAATTA,1.0,0.0,0.0
GTCTTGCTGCTTAATGTGGT,0.0,1.0,0.0
GTCTTGTAGAGCCACAGATC,0.0,1.0,0.0
GTGACTAGGGGTCGTTGCCA,1.0,0.0,0.0
GTGCATGGCTAGAAGCACAA,0.0,1.0,0.0
GTGCCTGGCTAGAAGCATAA,1.0,0.0,0.0
GTGCCTGGCTAGAAGTACAA,0.0,1.0,0.0
GTGCCTGGCTATAAGCACAA,1.0,0.0,0.0
GTGCTCGGCACTTACCAAGA,0.0,0.0,1.0
GTGGATGGCTAGAAGTAGAA,0.0,1.0,0.0
GTGGGAGACATCTATAAAAG,1.0,1.0,0.0
GTGGGTCTGAAACGACAATG,1.0,1.0,0.0
GTGGTCAAAAACTAGTGTGA,1.0,0.0,0.0
GTGGTCAAAAAGTAGTGTTA,1.0,0.0,0.0
GTGGTCAATAAGTAGTGTGA,1.0,0.0,0.0
GTGTACATCTGAACTTACTC,1.0,0.0,0.0
GTGTACATCTGAACTTATTT,1.0,0.0,0.0
GTGTGATAGACCCACAGATC,1.0,0.0,0.0
GTGTGCCAAGTAGACAGGAT,0.0,1.0,0.0
GTGTGGTAGACCCACAGATC,1.0,1.0,0.0
GTTCAACGGACTTTCCGAAA,0.0,0.0,1.0
GTTCAAGGGACTTTCCGAAA,0.0,0.0,1.0
GTTCTTCTGATCCTGTCTGA,1.0,0.0,0.0
GTTGACAAGGGGACACGACA,1.0,0.0,0.0
GTTGCCATGTTTCCTTTTG,0.0,1.0,0.0
GTTGTATAGAAATACCGAAA,0.0,0.0,1.0
GTTTAAAGTGCAATGATTTG,1.0,0.0,0.0
GTTTCCTCCCCTGTCTCTGT,1.0,0.0,0.0
GTTTCCTGCCCTGTTTCTGA,0.0,1.0,0.0
GTTTCGTGCCCTGTCTCTGC,1.0,0.0,0.0
GTTTCTTGCCCTCTTTCTGC,0.0,1.0,0.0
GTTTCTTGCCCTGTCACTGC,1.0,0.0,0.0
GTTTCTTGTCCTGTCTCTGC,1.0,0.0,0.0
GTTTGGCGATTCTTCAATTA,0.0,1.0,0.0
GTTTTGCGATTCATCAATTA,0.0,1.0,0.0
TAAAGATTATATATGAACTT,1.0,0.0,0.0
TAAATACAGCAAATTCATTT,1.0,0.0,0.0
TAACACCCTCTAAGCCTGCA,0.0,0.0,1.0
TAACAGAAGGAGCCACCCCA,1.0,0.0,0.0
TAATAAAAGATGGATAAGCC,1.0,0.0,0.0
TAATTCCTTTGGTTAGTCTA,1.0,0.0,0.0
TAATTTGTTTTATTCTGCAT,0.0,1.0,0.0
TACAGAAGTTAGAGGGAAAG,1.0,0.0,0.0
TACAGAAGTTAGTGGGAAAG,1.0,0.0,0.0
TACATCTGGAACATAGAACT,1.0,0.0,0.0
TACCACTAACTGCTTTCATA,0.0,1.0,0.0
TACCACTTACTGCTTTGATA,0.0,1.0,0.0
TACCATAATTGTACTAGGGG,1.0,1.0,0.0
TACCATAATTTTACTAGAGG,1.0,0.0,0.0
TACCATAATTTTACTAGGGG,1.0,0.0,0.0
TACCATAGATTTTACTAGGGG,1.0,1.0,0.0
TACCATAGTTTCACTAAAGG,1.0,0.0,0.0
TACTACTTACTGCTTTGATA,0.0,1.0,0.0
TACTATATTTACTTCCGATC,1.0,0.0,0.0
TACTATGATTACTTCTAACC,0.0,1.0,0.0
TACTATGCTTACTTCTAGTC,1.0,0.0,0.0
TACTATGTTTAATTCTAATC,0.0,1.0,0.0
TACTATGTTTACTGCTAGTC,0.0,1.0,0.0
TACTATGTTTACTTCTTATC,1.0,0.0,0.0
TACTATGTTTCCTTCTAACC,1.0,1.0,0.0
TAGAGCTTTTAGAGGAACTT,1.0,1.0,0.0
TAGATAAATGGGCAAGTTTG,1.0,0.0,0.0
TAGCTGCTCTATTTCTACTT,0.0,1.0,0.0
TAGCTGCTGAATAGATACTC,1.0,0.0,0.0
TAGGCTGGACTGTCCACTTGT,1.0,0.0,0.0
TAGGGACTTCCAAATTCCTG,0.0,1.0,0.0
TAGGTCGGCCGGGATCACGC,1.0,0.0,0.0
TAGTACCCTTCAGGAAGAAA,1.0,0.0,0.0
TAGTCGGTCACAGTCTATTA,1.0,0.0,0.0
TAGTTCCCTTCAGGAACAAA,0.0,1.0,0.0
TATAGTAAATAGAGTCAGGC,1.0,1.0,0.0
TATAGTGAAAACAGGTAAGGC,0.0,1.0,0.0
TATAGTGAATAGAGGTTAGGC,0.0,1.0,0.0
TATCAGAAGGAGCCACACCA,1.0,0.0,0.0
TATCAGAAGGGGCCACCCCA,1.0,1.0,0.0
TATCAGAAGTGCACACCCCA,0.0,1.0,0.0
TATCATAATTTTACTAGGGG,0.0,1.0,0.0
TATCGGGGACAATTGGAGAA,1.0,0.0,0.0
TATGAAGCTTGCTCGGCTCT,1.0,1.0,0.0
TATGATGCAAAATTCGAGAT,0.0,1.0,0.0
TATGCACCACAGCTGTGCCT,0.0,1.0,0.0
TATGGGGGACAATTCGACAA,0.0,1.0,0.0
TATGGTCGTTGTTATATGTC,0.0,1.0,0.0
TATTCGACAAACCTGAACAT,0.0,1.0,0.0
TATTTCGTTATAGCAAATAT,0.0,1.0,0.0
TCAAGAACAGCCAGATAAAA,0.0,1.0,0.0
TCAAGCACAACCAGATCAAA,1.0,0.0,0.0
TCAAGCACAACTAGATAAGA,1.0,0.0,0.0
TCAAGCACGGAATCACAAGG,0.0,1.0,0.0
TCAAGCAGGACACAACAAGG,0.0,1.0,0.0
TCAAGCAGGACACACCATGG,1.0,0.0,0.0
TCAAGCAGGACATAACAAGG,1.0,0.0,0.0
TCAAGCCTGCTACTATCATT,1.0,0.0,0.0
TCAATAAATATGTGCAGACAC,1.0,0.0,0.0
TCAATACAATGTGGTTCCAC,1.0,0.0,0.0
TCACAATCCTCGCTACAATC,1.0,0.0,0.0
TCACACTTATCTGGTTGTGC,1.0,1.0,0.0
TCACAGTTTTAGAAGTGTAG,0.0,1.0,0.0
TCACATAAATTTTCTATTGG,0.0,1.0,0.0
TCACATATAATGTGCTTCCAC,1.0,0.0,0.0
TCACCAGTCATTTTACTAAT,0.0,1.0,0.0
TCACCTAGAACTTTGAATGC,1.0,0.0,0.0
TCACGCCTATCTGGTTGTGC,1.0,0.0,0.0
TCACGGGTACCAGCACACAA,0.0,1.0,0.0
TCACTCCTATCTGGTCGTGC,1.0,0.0,0.0
TCACTCCTCTCTGGTTGTGC,1.0,0.0,0.0
TCACTCTAATCTGGTTGTGC,1.0,0.0,0.0
TCACTGTTATCTGGTTGTGC,0.0,1.0,0.0
TCACTTTGATCTGGTTGTGC,1.0,0.0,0.0
TCAGAATAAAGTGCATCCAC,0.0,1.0,0.0
TCAGAATAATGTGCTTACAC,0.0,1.0,0.0
TCAGAGTATTGGCAAGCCAC,0.0,1.0,0.0
TCAGCAGTCCTTGTAGTAAT,0.0,1.0,0.0
TCAGCAGTCCTTGTAGTACCT,0.0,1.0,0.0
TCAGCAGTTCGTGTTTTAAT,1.0,0.0,0.0
TCAGCAGTTCTTGAAGTTCT,1.0,0.0,0.0
TCAGCAGTTCTTGGAGTACT,0.0,1.0,0.0
TCAGCAGTTCTTGGTAGTACT,0.0,1.0,0.0
TCAGCAGTTCTTGTTTTACT,1.0,1.0,0.0
TCAGCATATTGGCAAGCCAC,0.0,1.0,0.0
TCAGCTGCTTTCTGCCTGTA,1.0,0.0,0.0
TCAGTACAAATGTGCTCCCAC,1.0,0.0,0.0
TCAGTACAATGTACTCCCAC,1.0,0.0,0.0
TCAGTACAATGTACTTCCAC,1.0,1.0,0.0
TCAGTACATATGTGCTGCCAC,1.0,0.0,0.0
TCAGTACGATGTGCTCCCAC,1.0,0.0,0.0
TCAGTATAATGTGCCTCCAC,1.0,0.0,0.0
TCAGTATAATGTGCTTCCTC,0.0,1.0,0.0
TCAGTGCCTTGGTTCCCCTA,1.0,0.0,0.0
TCATACTCATCTATCAATAC,0.0,1.0,0.0
TCCAATCCCCCTTGCCGAAA,1.0,0.0,0.0
TCCCCAAAGTCAACGAGTGG,1.0,0.0,0.0
TCCCCAAAGTCAAGGGGGTAG,0.0,1.0,0.0
TCCCCAAAGTCAAGGGGTAG,1.0,0.0,0.0
TCCCCAAAGTTAAGGGGTAG,0.0,1.0,0.0
TCCCCAAGGTCAAGGAGTGG,1.0,0.0,0.0
TCCCGAAAGGCTCGGCACTA,1.0,0.0,0.0
TCCGCAGTTCTTGGAGTACT,0.0,1.0,0.0
TCCTACAATCCACAAAGCAA,0.0,1.0,0.0
TCCTACAATCCCCAAAGCCA,0.0,1.0,0.0
TCCTACTATCCCCAAACCAA,1.0,0.0,0.0
TCCTCAAATTAAAGGAGTAG,1.0,0.0,0.0
TCCTGCTAAGTCACTTCCGC,0.0,1.0,0.0
TCCTGCTATGTCACCTCCCC,0.0,1.0,0.0
TCCTGCTATGTCACTTCCCC,1.0,0.0,0.0
TCCTGCTATGTCACTTCCGC,1.0,1.0,0.0
TCCTGCTATGTCACTTCTCC,0.0,1.0,0.0
TCGCCAGGATTGGATGCCCC,1.0,0.0,0.0
TCGCGATCACAGGGACCTGC,0.0,1.0,0.0
TCGGGCATGTCGGGTCCCCT,1.0,1.0,0.0
TCGTGAAACAAGCAGCATAT,1.0,0.0,0.0
TCTCTGCATGATTATGGTAG,1.0,0.0,0.0
TCTCTGCATGATTATTGTAG,0.0,1.0,0.0
TCTCTGCTTCATTATGGTAG,1.0,0.0,0.0
TCTGAGGGATCTCTAGTTAC,0.0,1.0,0.0
TCTGCACCACTACTTTACGT,1.0,0.0,0.0
TCTGGGTCAAGGAGTCTCCA,1.0,0.0,0.0
TCTGGGTCAGGGAGTCTCCA,1.0,1.0,0.0
TCTGTACAAGGTGCTCCCAC,0.0,1.0,0.0
TCTGTAGTTACTATAGTAAA,1.0,0.0,0.0
TCTTAAAATGGTCGTACAAT,1.0,0.0,0.0
TCTTCACAGGAGGTAAGAAA,0.0,1.0,0.0
TCTTTGCATCATTATGGTAG,0.0,1.0,0.0
TGAAACTTGCTCTCATCAGA,1.0,0.0,0.0
TGAAAGGGCTTTGCTATAAG,1.0,0.0,0.0
TGAAATGGGGATTCTAGAGA,0.0,0.0,1.0
TGACAACAGATAGAGAAGTGT,1.0,0.0,0.0
TGACAAGACACTATAATAAA,0.0,0.0,1.0
TGACAATTGACTGTCCGAAA,0.0,0.0,1.0
TGACACAACAAATCAGAAAC,1.0,0.0,0.0
TGACACAACAAATCAGAAGA,1.0,0.0,0.0
TGACCACTGAGAGAGAAGTGT,1.0,0.0,0.0
TGACCCTCAGAGAGAAGTGT,1.0,0.0,0.0
TGACCCTGAGAGAGAAGAGT,0.0,1.0,0.0
TGACCCTGAGAGAGAAGGTGT,1.0,0.0,0.0
TGACTGCTACATACTACTCA,1.0,0.0,0.0
TGAGAGAGAGGGAGATCAGC,0.0,1.0,0.0
TGAGAGTGAAGGAGATCAGG,1.0,0.0,0.0
TGAGCATCTGATGCACAAAA,0.0,1.0,0.0
TGATGCAGAGAGGCAATTTT,0.0,1.0,0.0
TGCAACAGGCCCTGCATGCA,1.0,0.0,0.0
TGCAATAGGCCCTGCATGTA,1.0,0.0,0.0
TGCATCAAGCAGCTCCAGGC,1.0,0.0,0.0
TGCCACTTTCTGCTTTGATA,0.0,1.0,0.0
TGCGCAAGTCAGATTTCCGC,0.0,1.0,0.0
TGCTTTAATAGAGAAGCTTG,1.0,0.0,0.0
TGCTTTTCAACCTTTCAGCT,0.0,1.0,0.0
TGGAAACCAAAAATGATCGG,1.0,0.0,0.0
TGGATAAACAGAAGTTGTTA,0.0,1.0,0.0
TGGATAAACAGAAGTTGTTG,0.0,1.0,0.0
TGGATAAGTGGGCAAGATTG,1.0,0.0,0.0
TGGATAAGTGGGCAAGTTTG,1.0,0.0,0.0
TGGATAAGTGGGCTAGTTTG,1.0,1.0,0.0
TGGCAAGTATACTGGAGGAC,1.0,0.0,0.0
TGGCTCTCGTCTAGGAACTA,0.0,1.0,0.0
TGGGCAAGTCAAATTTATGC,1.0,0.0,0.0
TGGGCAAGTCAGATTCATCC,0.0,1.0,0.0
TGGGCAAGTCAGATTTATTC,0.0,1.0,0.0
TGGGCAAGTCAGATTTCCGC,1.0,0.0,0.0
TGGTGGAACCTCCTGCAGTA,0.0,1.0,0.0
TGGTGGAATCTACTGCAGTA,1.0,1.0,0.0
TGTACCACAAACTGATGAAG,0.0,1.0,0.0
TGTACGGGTAGTCTAAATTT,1.0,1.0,0.0
TGTACTGTCCATTTATCCGG,1.0,0.0,0.0
TGTACTTCCACAGGGATGGA,1.0,0.0,0.0
TGTATAAACGGCAGTTGTTG,1.0,0.0,0.0
TGTATGGGCAGTTTACATTT,1.0,0.0,0.0
TGTATGGGTAATTTAAATTT,1.0,0.0,0.0
TGTATGGGTAGTCTTAATTT,0.0,1.0,0.0
TGTCTTATTCTTCGAGGTAT,1.0,0.0,0.0
TGTCTTGTGGATTGGGGTCT,1.0,0.0,0.0
TGTGCAAGTCAGATTTACGC,1.0,0.0,0.0
TGTGCATCCACAGGGGTGGA,1.0,0.0,0.0
TGTGCGCCCACAGGGATGGA,1.0,0.0,0.0
TGTGCTCCCACAGGGATGGA,1.0,0.0,0.0
TGTGCTGCCACAGGGATGGA,1.0,1.0,0.0
TGTGCTGCCACTGGGATGGA,0.0,1.0,0.0
TGTGCTGCCCCAGGGATGGA,1.0,1.0,0.0
TGTGCTGCCCCAGGGATGGC,1.0,0.0,0.0
TGTGGGTCAGGGTGTCTACA,1.0,0.0,0.0
TGTGTGGACCATAGTAATCA,0.0,1.0,0.0
TGTGTGGTACATAGTACTCA,0.0,1.0,0.0
TTAAGAGAAAGAAAAATAGA,1.0,0.0,0.0
TTAAGCCTCCTACTATCATT,1.0,0.0,0.0
TTAAGGCAAAGAAAAATAGA,0.0,1.0,0.0
TTAATCAAGCACAACCAGAT,0.0,1.0,0.0
TTAATGAGGAAGCTGCAGAA,1.0,0.0,0.0
TTACAAGGGACTTTCCGAAA,0.0,0.0,1.0
TTACAAGGTACTATCCGAAA,0.0,0.0,1.0
TTACAATAGAATTTCCTAAA,0.0,0.0,1.0
TTACACCCTATCAGCCTGCA,1.0,1.0,0.0
TTACACCCTGCGAGCCTGCA,1.0,0.0,0.0
TTACACCCTGTGAGCCATGCA,0.0,1.0,0.0
TTACACCCTGTGAGCTTGCA,1.0,0.0,0.0
TTACGACAAAGAAAAATAGA,1.0,0.0,0.0
TTAGACAACAAACAAGAAAA,0.0,1.0,0.0
TTAGCACCACAGCTGTGCCT,1.0,0.0,0.0
TTAGGCAAGCCACTTGGAATC,1.0,0.0,0.0
TTAGTAGTATTTATACTATT,1.0,0.0,0.0
TTAGTGCCTTGGTTCACCTA,1.0,0.0,0.0
TTAGTGCGTCACAGCTTAATA,1.0,0.0,0.0
TTAGTGCTCTTGGTTCCTCTA,1.0,1.0,0.0
TTAGTGCTTTGCTTCCTCTA,1.0,0.0,0.0
TTAGTGCTTTGGTTCCTGCA,0.0,1.0,0.0
TTAGTGCTTTGGTTGCCCTA,1.0,0.0,0.0
TTAGTGCTTTTGTTCCTCTA,0.0,1.0,0.0
TTATAAAAGATGGACAATCC,1.0,0.0,0.0
TTATAAATGATGGATAATCC,0.0,1.0,0.0
TTATAAGAGATGGATAATCC,1.0,0.0,0.0
TTATCTATGCTTTGCAGGATT,0.0,1.0,0.0
TTATGAGGGACAATTGGAGAA,0.0,1.0,0.0
TTATGGGAACCAGCACACAA,1.0,0.0,0.0
TTATGGGTCGCAGTCTATTA,1.0,1.0,0.0
TTATTCCTACACTACCACAA,1.0,0.0,0.0
TTCAACTACTCGTTGACTTT,0.0,1.0,0.0
TTCAAGCACAACCAGACTAAG,1.0,1.0,0.0
TTCCACAACTCGTAGTCATT,1.0,0.0,0.0
TTCCACTACTCGTTGACTTT,0.0,1.0,0.0
TTCCGCTGATTCTAACAGGC,0.0,1.0,0.0
TTCCGCTGTTTCTAACAGGC,0.0,1.0,0.0
TTCCTTCCCCCTGGCCTTAA,1.0,0.0,0.0
TTCCTTTTTATGGCAAATAT,0.0,1.0,0.0
TTCGGATGTCTCTAAAAGGC,1.0,0.0,0.0
TTCGGCTACTAAGTCTTTTG,1.0,0.0,0.0
TTCTACAACTCCCTGACTTT,0.0,1.0,0.0
TTCTACCACTCCCTGACTTT,1.0,0.0,0.0
TTCTATTACTCCTTGACCTT,1.0,0.0,0.0
TTCTGATGTTTCTAACAGGC,0.0,1.0,0.0
TTCTGGGTCTCAGTTTATAT,1.0,0.0,0.0
TTCTGGTACTAAGTCTTTTG,0.0,1.0,0.0
TTCTTTCCCCCTGGCCGTAA,1.0,0.0,0.0
TTCTTTCCCCCTGGCCTATAA,0.0,1.0,0.0
TTCTTTCCCCCTGGCCTTAG,0.0,1.0,0.0
TTCTTTCCCCCTGGCTTTAA,1.0,1.0,0.0
TTCTTTCCTCCTGGCCTTAA,1.0,0.0,0.0
TTCTTTCCTCCTGGCCTTGA,1.0,0.0,0.0
TTGAGATAACATGACCTGGA,1.0,0.0,0.0
TTGAGGGTCACAGTCTATTA,0.0,1.0,0.0
TTGAGTGAATAGAGTTAGGC,1.0,0.0,0.0
TTGGAATCCCACGACCTGGA,1.0,0.0,0.0
TTGGCAAGTCAGATTTACCC,1.0,0.0,0.0
TTGGCAGGCTACCTGGAATC,0.0,1.0,0.0
TTGGCAGGCTACCTGGGTTC,1.0,0.0,0.0
TTGGGCAAGTCAGATTTATGC,1.0,1.0,0.0
TTGGTGGGCGGGGATCAAGC,1.0,0.0,0.0
TTGGTGGGCGGGGATCAGGC,1.0,0.0,0.0
TTGGTGGGCGGGGATGAAGC,0.0,1.0,0.0
TTGTACAGCTCGTCCATGCC,1.0,0.0,0.0
TTGTGGGTAACAGTTTATTA,1.0,0.0,0.0
TTGTGGGTCACAGTCTATTA,0.0,1.0,0.0
TTGTGGGTCACAGTTTATAA,0.0,1.0,0.0
TTGTTTCTTTTTTAACCCTG,0.0,1.0,0.0
TTTCCCATGTCTCTTTTTTT,1.0,0.0,0.0
TTTCCCATGTTTCCTTTTG,0.0,1.0,0.0
TTTCTGCATCATTAATGGTAG,0.0,1.0,0.0
TTTCTGCATCATTATGGTCG,1.0,0.0,0.0
TTTCTGCATCATTATGGTGG,1.0,0.0,0.0
TTTCTTCATCATTATGGTCG,1.0,1.0,0.0
TTTCTTTATCATTATGGTAG,1.0,0.0,0.0
TTTGAGTCAGGGAGTCTCCA,1.0,0.0,0.0
TTTGCACCACAGCTGTGCCT,1.0,0.0,0.0
TTTGGAACTATAGTATCCTA,1.0,0.0,0.0
TTTGGGTCAGGGTGTCTCCA,1.0,0.0,0.0
TTTGGGTCTGGGAGTCTCCA,1.0,1.0,0.0
TTTGGGTTAAGGAGTCTCCA,1.0,0.0,0.0
TTTGGTCCTTGTTATATGTC,0.0,1.0,0.0
TTTTAAGATAGTCTTACAAT,1.0,0.0,0.0
TTTTATAAATATAAAGTAGT,0.0,1.0,0.0
TTTTCTATAATTCTTTATTC,1.0,0.0,0.0
TTTTCTTTAATTCTTTATGC,1.0,0.0,0.0
TTTTGCTGGTCCTCTCCAAA,1.0,0.0,0.0
TTTTTCCAGTTCCCTTAGATA,0.0,1.0,0.0
TTTTTCTTTATAGCAAATAC,0.0,1.0,0.0
TTTTTGTGCAACAGATGCTAA,1.0,0.0,0.0
TTTTTTCTTTTTTAATCATG,0.0,1.0,0.0
TTTTTTCTTTTTTTACCCTG,1.0,0.0,0.0
