read_id,LuttegePolP,left_umi,right_umi,viral_barcode,viral_barcode_corrected
5d0a61cf-8e64-46c6-ba41-3edf4cbda0bf,,TTTATCGCAACTTAGTAA,,,
aa2a15a0-11f2-4a22-a5e7-98021c2461dc,TGGGGTACCATACAATCCAC,,CGGTAGGTAATACCAGAG,ACGCGAGCCATGAGTTGAGGTACGATGCGCGCGT,ACGCGAGCCATGAGTTGAGGTACGATGCGCGCGT
21fdbadf-286e-4901-9391-704ef902a949,,ATTAGGGTGCATATTAGT,CCTCACGCTACGCCAGCG,,
dee2698e-541c-4337-aa62-ac05ea6a8571,TGGGGTACCATACAATCCAC,TTTTATTGCGTAATATAT,,CGCGAGCCATGACTGATGGCCCGATGCGCGCGTA,CGCGAGCCATGACTGATGGCCCGATGCGCGCGTA
da2be0c3-d8bd-4c30-b2a2-c2be76b426b3,,TGGCGCATTAGGCCACCA,,,
036da196-e201-4cbb-8388-b830680ded94,,GACTGGCCTAGTTCGGTG,TTACAGACCGCTGCGTAT,,
18c20347-e734-4143-8553-9ebb7cb5158e,,GAATAAATCGGGGTGCGC,,,
ae08be3d-6124-4174-ba55-24d89cdc352f,TGGGGTGCCATACAATCCAC,TGATGGTGTGATTTGCCG,,,
a79a510e-95f5-4494-9dae-945cbe92c8f7,,GTTTAAAGTGTCGTATTC,TAATAAAAGTGACCTACT,,
12b25f6d-cb85-4e91-912d-27f5aafdb3ae,,,TCCGCCTCGACCTGAGAG,,
ac8cac9c-15b3-4c15-9f9e-3026deebacbb,,,CGGTACAATAATCTGTCC,,
2fa09279-ded3-481d-8f64-01a9360fe8c3,TGGGGTACCATACAATCCAC,TTGCGTAATATTATGAAC,,,
9d7ee129-cb0f-4f12-86a5-a80c1af75b60,,CAGTGTAGCAGTACGAAG,,,
0fad1185-d91d-40b9-b5d3-2a2347846006,,GGATGCCTTGTACCGATA,,,
2d62f2df-17a9-494c-9f94-4f79847e0b36,TAGGTCACCATACAATCCAC,,CCATGGCCCGAAGCAACC,,
a505bc63-6c88-4d62-a768-df1ef6df5088,TGGGGTACCATACAATCCAC,,,,
baa305cf-f661-4be2-a33e-48567a0ca2a8,,GGATTGAATTATAGCGCG,,,
ca12f263-00a0-431e-b2f5-6593c2af507b,,GTGTGTATCGTTATGCGC,,,
1aeab483-6e6c-48b4-a27f-357731a0e19d,,TATTATGGTAACATACTG,,,
79e9b033-a3e2-4366-a4f6-e8291e4e6a0d,,GACTCGGATTGTTCTGAC,,,
9d906fa4-291c-4d0d-8c52-5c7c0b0c43a9,,TTGTGGTATGTCGTGCCC,GTTCGAGCTGAGCTATTA,,
813ed739-2264-425e-91b2-18733e86fc61,,GTTCGATCCGCGGTGGCT,,,
65d284c4-c6e7-420c-a45c-e4defebae169,,GCTTGAATTATGGTGAAA,,,
cd4c915d-7efc-451e-95b0-8d707f0a7090,TGGGGTACCATACAATCCAC,AGTTGCAGCGCTCCGGGC,GTGTGGATTGCGACACCT,ACGCGAGCCATGTCCGTCTGGGCGATGCGCGCGT,ACGCGAGCCATGTCCGTCTGGGCGATGCGCGCGT
cfc6d767-5c11-4d82-a214-d3e4d994cdc5,TGGGGTACCATACAATCCAC,,,,
52b22340-ce9e-4b51-b902-a4a8bf38f726,TGGGGTACCATACAATCCAC,,,ACGCGAGCCATGAGTTGAGGTACGATGCGCGCGT,ACGCGAGCCATGAGTTGAGGTACGATGCGCGCGT
78c661f4-d1e6-40a9-b3ee-79297b3992fe,TGGGGTACCATACAATCCAC,GCGTGCGGTATTGCGTAG,ACACAAACTAATGCAGCG,ACGCGAGCCATGTGGTCGCTTTCGATGCGCGCGT,ACGCGAGCCATGTGGTCGCTTTCGATGCGCGCGT
baa5acda-f920-4ae1-aede-74d20a2fea14,TGGGGTACCATACAATCCAC,GGTCGCGTTGGGCTGCGC,CTCCGCCGCATACTGACC,ACGCGAGCCATGTCCGTCTGGGCGATGCGCGCGT,ACGCGAGCCATGTCCGTCTGGGCGATGCGCGCGT
6a06fc44-9653-4dd0-aeb7-64ebe4f349d6,TGGGGTACCATACAATCCAC,TCTTGCTACAGCCTGATA,TAATAGAACGCAACAGGC,ACGCGAGCCATGACTGATGGCCCGGATGCGCGCG,ACGCGAGCCATGACTGATGGCCCGGATGCGCGCG
408204c4-6dec-4795-adc0-6213904d0f5f,,GGTCGAGGCATGGTACCA,,,
78749b60-8fa5-4da9-9905-11bd9dbc63cf,,CAGCGCCTCGTAGTGAGT,,,
58484a2e-d46f-43fe-b2e2-9b31bec64702,,TGCTACAATGTATTATTG,,,
279830db-a822-409d-ac10-cd06662776fe,,,AACCAATCTAATTTAGGG,,
02dd4265-545f-4455-884e-0670b3fa6c4f,,AGCTACACCGATCCGTGG,,,
fd1d542b-d71b-4ea1-a1f1-c4709a56d268,,TCGTAAACTGCTGTATAT,,,
0d2e9d84-ddd3-4748-8e6a-cd6cb60e6e76,TGGGGTACCATACAATCCAC,TCATGGTTCGTTGTGGAT,,,
43ab4378-4008-407b-8847-c229e864fb39,TGGGGTACCATACAATCCAC,TTGCAGCTCGGGGCGGTT,,,
0c4838b8-5be2-4883-ab80-b3604cfba64a,,,ATATATAGCGCGCTAACT,,
6f107d07-6a90-4242-a351-23c16df0e9bd,,GGTCGTTGTGGCGTAATC,,,
a622d669-06c8-41af-b969-c5b78320a1cc,,GCGCGGACCATGGCATCC,,,
af970b19-3a71-47ee-90c7-2db91fd07518,,TGCCGGTTTATTACGAGT,,,
545fa778-6faf-4863-ad97-38fba58afe4a,,GATCGCTCTAAAATAAGT,GCTTAACACAATACGTTA,,
a9ba94f3-ebef-4867-9a5e-ba104de8909f,,AAGCAAATTGTTGCAAGG,,,
cd420a1d-464e-448c-b2e5-64df629d40d0,,,CACTGCAGTACCATATAT,,
ab62bb27-9b82-4804-9ff3-d66cd7296b2f,TTGGGTACTATACAATCCAC,CTTGTAATTAAGGTTATC,,ACATGAGCCATGTCCGTCTGAGCGATGCGCATAT,ACATGAGCCATGTCCGTCTGAGCGATGCGCATAT
92c1e1a2-6c82-414d-ab14-a3f607f1d36e,,AGCTAGGCTACAACGCGC,,,
8b340769-ae3d-46e1-bb8a-dd28d54fb135,TGGGGTACCATACAATCCAC,,,,
207b13cd-943e-4f7f-b4ac-12e35ba4cea4,,CTATGCGTCATCTTGCTG,,,
6955ca79-8274-4f8a-afce-b1539523f21b,,CCACGACTTGTCCTGAAG,,,
23ad644e-fa5d-4916-b33e-993b8d488815,TGAGGTACATACAATCCTAC,TGGTATTTCCAAGGCAAG,,ACGCGAGCCATGCCCCCTACTTCGTGCGCGCGTA,ACGCGAGCCATGCCCCCTACTTCGTGCGCGCGTA
77d19c1c-7eba-4e53-87b6-fdcf7a5bc381,,GATCGGGCCATGGCGTCG,,,
68230491-628a-454e-b064-3db049869054,,TTATGTATCAAGGTGCCT,,,
59417c5d-f0aa-42b3-ac23-33c04a35fd22,,TTCTAGGGCATCGTGTTA,CGTTGCTTTGGACTGAAG,,
9420e314-3286-4444-8781-92e48f800215,,AAGCGACGTGCGCCGGAG,CATCATGCTACGCCGAAA,,
39e90f5b-b72d-4728-a86c-2ebba768c1ec,TGGGGTACCATACAATCCAC,,,GCGCGAGCCATGACTGATGGCCCGATGCGCGCGT,ACGCGAGCCATGACTGATGGCCCGATGCGCGCGT
77531139-a00c-46fe-a439-88fc36634f30,,AGGATGTATTATGTCAAA,AATTGATGCGTCTTATCA,,
390d39a9-0ede-454d-8d74-4a36f483f892,,GGATGATTCAGATATCGA,,,
ac264ca5-9da3-4b50-b0de-248650a93f59,,AGGCAGAATGTTGCGCGT,,,
ac7b2e4f-4dde-4442-8812-3be58f82c3ac,,GGTCGCGCTAGACCATCG,CGTTGACCCAATTTAAAT,,
e3e9d1ca-3fc8-467b-a5ec-2b72107aef81,,AGCCGCTCCGGCTACGTT,,,
0dead30a-1481-4b78-8f82-a371351063be,,TGTTAAGTCACCCCGTGG,CCTCCACTCCGCAACACA,,
bccde92d-295f-4e00-b0cd-bed1977a9aa5,,CTTTAACTTGTATCCTTT,,,
64c9c52c-9183-421e-895a-2195ca836e50,TGGGGTACCATACAATCCAC,CTGCGAATGAGATATCCA,,,
e7f2a852-7676-4471-adcc-d9c949c875f7,,AGCCGCATCAGTATACGG,,,
a98bdb9f-6c28-4683-b853-84644a08bd6a,,,CATTAAGATAACCACTAG,,
c84074aa-2fb2-4bb9-8866-62d2c014b273,,CTGCAGTATACAACAATA,,,
f6f4e8d0-a64f-4ac7-b960-408623f17052,TGAGGTACCATACAATCCAC,,,ACGCGCGCATCGGAATAGCTCACATGGCTCGCGT,ACGCGCGCATCGGAATAGCTCGCATGGCTCGCGT
9806e50a-ac7f-46e9-beeb-1e92bb1f5da1,,GTCCGCAGTAGGCCGGTA,,,
4cc1aede-3cc0-4142-b665-48dde0295b87,,TCCTCACCTATTACATAA,,,
a77c5fb0-bf60-423f-bb68-c0b2664c0146,,TCCTGATTTATTGTATCA,,,
d0ebe282-9fa3-4535-af2e-fc5177cabd54,,TACTACGCCGGCCTGTTG,TTACAATTTAGCACACTA,,
73ab2897-8dbc-4a8b-93f5-3652429aebc2,,TCTGGAACAAGTTGTGGA,,CGCGAGCCATGTCCGTCTGGGCGATGCGCGCGCG,CGCGAGCCATGTCCGTCTGGGCGATGCGCGCGCG
21dac765-eedc-4050-83d0-36fe012e7d30,,,ACCTGCCCTGAGCTATGT,,
ba063fdf-05e2-443f-a1b4-b6c3a63e781c,,GAGCGGCACGTCTTGCAT,CAGCAACCCATTGTGGCC,,
2e2e3b9a-ed67-467d-8dd6-c27c78d39956,TGGGGTACCATACAATCCAC,CTTTGAGATGTAACGGTC,CCATACCATATACCGAGC,,
340b367a-2f79-4316-b581-1399451673c8,,ACATGTGTCGTGTCATCT,ATTTACTTCAAATCATAC,,
704f0078-3850-4147-a368-ce506ba8b776,,ATGCGCTGCGCCATAATT,,,
b65e0900-334b-4901-bc2b-fca62bfdb278,TGGGGTACCATACAATCCAC,,,,
6439f2e0-7142-4f06-bf2f-f7d14caa532b,,,TCCTGTTTCGAACCATAT,,
05941b4d-2269-4556-afe9-4b64c3eabd37,,TATAGGGTAAGCAGCAGG,,,
09ba5a94-36c3-49a2-bef4-d6e6a24bf548,,AGCTGGCTTGGGGTAGAG,,,
65cfedf1-607b-4897-8d20-eff63c26141e,,TAGTATTCTGGATTGCTG,TATCATCGCGGAGTGATA,,
11624a3d-759f-4eec-b83c-85ebfd835ca7,TAGGGGTACCATACAATCCAC,TTCTATATCGGGTTGTGT,,ACACGAGCCATGTCAAGTCTGGGCGATGCCTTGT,ACACGAGCCATGTCAAGTCTGGGCGATGCCTTGT
2a681656-594b-4cb9-a78b-4b052a8d921f,TGGGGTACCATACAATCCAC,CCATGTGTTATTTTAATC,,,
e9f481bb-ae4b-4f38-9216-4af3e645dac1,,CGCTGATCTGTCCTGCAG,,,
cb07c1bb-ba18-4d99-84c7-2be44b35cd44,,GACAATTTATACTGAATA,,,
2c6f5423-efbb-4a67-ab0f-c78085054d64,,TTATATATTGTCATAATT,,,
ae26021d-16ed-4f25-8917-44862f5b0445,TGTGGGTGCCATACAATCCAC,,ACACCCCATCACATGGGA,,
d19100de-523e-496a-a015-b1e7e5aaf8a0,,TTGCGTGCTGAATTGCTA,,,
487e65a3-da79-4d39-ac2f-b46065eda8f4,,GAACGACGGTGCCGTGAA,GCATACCCTATACCAACT,,
3d6c5b83-6efd-46f5-be13-18b0d80130be,,GCATGCGACGAAACGATT,,,
bc4651e9-3730-4f1b-b2dc-a6ae5ba0f62c,,CATCGTGGCGAAGCGTGT,,,
206cec5e-182b-44f6-bad4-0812d202d542,,TTTAGGGCATTTCGTAGA,,,
5b1d7833-8ae1-44db-955d-d9433f7653bc,,,CGGTAGGGCAGCCCGCAC,,
68af8b47-20f3-454b-a014-36144ebbb0d0,,TTCACGTCGACTCGCAGA,ACCTACCCGCATCGCCGG,,
e0f61daa-c7b2-4099-89a7-018ea779a8bd,GAGTTACCATACAATCCAC,,,ACGCAGGCCATGTCCGTCTGGGCGATGCGCGCGT,ACGCGAGCCATGTCCGTCTGGGCGATGCGCGCGT
3786bee9-717b-4c4d-aa5f-f03887f9442d,,GCGCGTGCTGTTCCGGGG,,,
8f975163-0614-40c1-b4b4-55f2484046e4,,ATTTGGTCTACGGTGGAT,GCACGTTCCGGAATGAAT,,
07f520dc-0a7a-477f-94e6-5b5dbfe4ab88,,GATCGTTGTGGCACACTG,,,
30d1a928-0665-4022-913f-312e1b0d3144,TGGGGTACCATACAATCCAC,TATCAATGCGTTCTAGGG,,,
7d2f1d96-d517-44e2-9bba-83d72f132b8b,,CGTCGAGGCAAATCGGTA,,,
85554225-6c54-47f3-b280-c05b58c73147,,GGTCGGGGTATACTGATA,GCCTAGTTTGCGACAGCA,,
c7c78dab-48ab-4692-b3a7-95e42f76a499,,,TTCTGTGACGGCCTACAC,,
c8c25fcf-2c15-4144-bb47-9979766469cf,,CGTCGGCTTGCTACAAAG,,,
ee382144-4844-497d-a9c7-0afbe29b673a,,GGCTTATCCCGGAATGTG,,,
f81874c7-34e6-4296-8310-da51d39abaf6,,TGTCGAGTTGTGTCGGTA,,,
d076ea2c-6e32-42e9-858f-dcf07b7c1d07,,TCGAGGGTACGGTGGTAA,,,
2c5b58e9-c17d-4478-bc33-27efca9fb4c5,TGGGGTACCATACAATCCAC,GATCGCATTGATACACAA,,,
e213d07f-48e9-46f8-bb08-c18cb6cb7e27,TGGGGTACCATACAATCCAC,,CTTCGTCCCAACCCAACT,ACGCGAGCCATGGTCGATAAACCGGATGCGCGCG,ACGCGAGCCATGGTCGATAAACCGGATGCGCGCG
3ed9bf32-8e5b-47a0-867c-ce0a92ba2bee,,,GTGCATGTGATACACTGA,,
d5cf57ba-3c88-4c64-b6d9-26106ecaff22,TGGGGGTACCATACAATCTAC,,CATTGTCGTATAGCAAGA,ACGCGAGCCATGAGTTGAGGTACGATGCGCGCGT,ACGCGAGCCATGAGTTGAGGTACGATGCGCGCGT
13b27612-0540-4763-8081-d650b504fdd3,TGGGGTACCATACAATCCAC,GCGCGTTACATGTTGATA,TAATGGTATAAACCGGTC,ACGCGAGCCATGTAAGTTCTGGCGATGCGCGCGT,ACGCGAGCCATGTAAGTTCTGGCGATGCGCGCGT
e98e79a2-b46a-4532-9b65-0b043377dea0,TTGGGTACCATACAATCCAC,,CCACGTCCCGCAGCAGTT,ACGCGAGCCATGACTGATGGCCCGATGCGCGCGT,ACGCGAGCCATGACTGATGGCCCGATGCGCGCGT
b4ad9bad-738f-4dcf-a046-6f1fc4baa113,TGGGGTACCACACAATCCAC,TTACAGTGCAGGGCGTCG,,,
f4e42c67-c1e7-440a-9d63-2d66e6250346,TGGGGTACCATACAATCCAC,GTCTAACATATCACAGTT,,ACGCGAGCCATGACTGATGGCCTGATGCGCGCGT,ACGCGAGCCATGACTGATGGCCCGATGCGCGCGT
e14dd97f-9b87-42fc-9318-667d0c3acec5,,TGATAATTCATCACACTA,,,
daeb3c1f-7c50-4c19-b51f-a7d5e9adc083,,TAACATCACATGGCGAGT,GATCTACGATATAATATA,,
41cbbbce-a7df-4df1-b163-9c5f72c56948,TGGGGTACCATACAATCCAC,TGACGTCATACTATGCGT,,AAACGCGAGCCATGTGGTCGCTTTCGATGCGCGT,AAACGCGAGCCATGTGGTCGCTTTCGATGCGCGT
e18ce372-742f-4237-85fe-4c0f8be128ae,,TAATAGTCCGGTTCGTCG,,,
ad0d9190-987c-4c7e-a4ae-e28a5032c929,TGGGGTACCATACAATCCAC,,,ACGCGAGCCATGCGGAAAGCGTCCGATGCGCGCG,ACGCGAGCCATGCGGAAAGCGTCCGATGCGCGCG
a7c9cf06-244e-47e6-8277-0acdeb894e3f,,TAATATTTCATATCAGGT,,,
7cb6d470-bbc0-4ddc-a8c5-82b33f9776f6,TGGGGTACCATACAATCCA,TGTGTAATGCCACGCAGA,CGTACCACGCAAGATATT,,
332d4ae2-4f75-49ce-9235-1291332116de,TGGGGTACCATACAATCCAC,AGTCGTGGTACGCCGCTT,CACTTATATCGGTCCACA,,
7014a1fa-8db2-441f-804e-d097581f7576,,,ACATAATATAAAACGAAG,,
c935da69-0e40-452f-9efd-c9652c9a0b7b,TGGGGTACCATAAATCCAC,,,,
e30d2586-bade-482b-bc90-4836c338dbce,TGGGGTACCATACAATCCAC,CGATACGCTGGGGCATGG,TCTACGGTGGGCTAACGG,ACGCGAGCCATGACTGATGGCCCGATGCGCGCGT,ACGCGAGCCATGACTGATGGCCCGATGCGCGCGT
ddd682aa-50a6-4a3b-9b97-f2f55ae3103a,,GAGTAGGATAATTCAGGT,CACTAATTCACCCTGTAC,,
01ec76d8-167a-453e-97b3-8838d743b84b,TGGGGTACCATACAATCCAC,GGTCATCGTAGACCAAGG,,ACGCGAGCCATGCCCCTACTTCGATGCGCGCGTA,ACGCGAGCCATGCCCCTACTTCGATGCGCGCGTA
deeadef8-efb5-4a56-8a92-2af0ee53f1fb,TGGGGTACCATACAATCCAC,GTTTAGGTTGGACTTGAT,AACTACGCTGTTTCATCA,,
0bbf9c56-0d39-4506-8845-40d85bacedd9,TGGGGTACCATACAATCCAC,AAAATGAATCGAGGCGGA,ACCCAACGTGCGTTATGC,,
0e2f5004-e5d8-4bea-900a-4a252ba0bb07,TGGGGTACCATACAATCCAC,,,ACGCGAGCCATGACTGATGGCCCGATGCGCGCGT,ACGCGAGCCATGACTGATGGCCCGATGCGCGCGT
b92fb5ff-e47a-49fd-9614-c87d471eff83,,GGACAGTACGGGGTAGGT,ACTCGGCCTGAATCAAAT,,
51b3908a-ece6-48eb-8d02-cdaf9c40b506,,ACATAGTCCAAAGTGCAA,TCTCGTAATGTGGTGCGA,,
558a87cf-3e77-491d-8ee2-96bf1c13a8e6,,,GTGTAGAGCAAACTAATT,,
28b800dd-6bfe-488f-9e90-164833cb7950,TGGGGTACCATACAATCCAC,GCATGCAATATTGTGTCT,,ACGCGCGCAATGGAATAGCTCGCAATGGCTCATG,ACGCGCGCAATGGAATAGCTCGCAATGGCTCATG
31acd15b-a70d-4817-986c-074240471654,,GGTTGTCTTATTTCGGAT,,,
4ff6f6a9-ddd2-4898-9fda-464a208a0dee,TGGGGTACCATACAATCCAC,,,CGCGAGCCATGAGTTGAGGTACGATGTGCGCGCG,CGCGAGCCATGAGTTGAGGTACGATGTGCGCGCG
14086cf8-a81b-42b2-bc23-bbe2fa763cb1,TGGGGTACCATACAATCCAC,,TAGTGCAACATTCCGACG,ACGCGAGCCATGCCCCCTACTTCGATGCGCGCGT,ACGCGAGCCATGCCCCCTACTTCGATGCGCGCGT
2749a692-ed40-4736-a963-dc7379094769,,,CTTCATTATGTTTCATGA,,
9a86970a-0fc6-43e8-a44e-63333cce15ae,TGGGGTACCATACAATCCAC,,,,
13b765f7-b4cd-45fa-87c8-0a85f3bc3a17,TGGGGTACCATACAATCCAC,,,ACGCGAGCCATGTCCGTCTGGGCGATGCGCGCGT,ACGCGAGCCATGTCCGTCTGGGCGATGCGCGCGT
5a687099-d0a6-4618-a2db-15b88f554476,TGGGGTACCATACAATCCAC,,,ACGCGCGCACTGGAATAGCTCGCATGGCTCGCGT,ACGCGCGCATCGGAATAGCTCGCATGGCTCGCGT
c199adfb-a0b7-4dbe-a8c4-d7c03c167d3b,,,GCGTGCGTTGTCACATAA,,
47468028-ec73-47da-bf4d-d7ded8ab150c,,ATGTGTCTTGTCATGCTG,,,
609d38ce-1e17-43e0-b00f-51cda91b7212,TGGGGTACCATACAATCCAC,,,,
d64ab23c-90b0-4237-8656-41472c981643,TGGGGTACCATACAATCCAC,TGGCGGGCTATTCTGACC,GGATACTCTACCGTGTGC,,
1bc2a562-1a08-4579-bc7d-288df2ebb86d,TGGGGTACCATACAATCCAC,,,ACGCGAGCCATGCTCGTTGGCCCGATGCGCGCGT,ACGCGAGCCATGCTCGTTGGCCCGATGCGCGCGT
d2302209-29ff-404c-81f8-03767d1ce1c2,,GAACGCGGTATATTGCTT,,,
383f86b2-1918-45db-bf45-e3f200e04e15,,GACTAAGGTATACCAGGT,,,
07b8a30f-323e-40ce-b531-cb6c905fb327,,GTATAGCTTATCGTAATT,,,
43659017-b066-4516-a2cb-d8511f03b54a,,TAACATGACGATCCGGAA,,,
4716030f-14d8-4870-90a8-e666655f0187,TGGGGTACCATACAATCCAC,,,,
cc571e81-ae6f-4da0-9203-eb575fecf89c,,CGCTGGATCGGCTCAGCA,,,
d9ea6d4f-f8fb-49e4-b09b-74ee5ab8ae10,,GTCTAACGCAGGTTGAAG,,,
20f765e5-2bbb-4e76-afe4-10e1ef79e716,,,,ACGCGAGCCATGACTGATGGCCTGATGCGCGCGT,ACGCGAGCCATGACTGATGGCCCGATGCGCGCGT
cdeafb05-374d-42f1-a91b-3da189227c43,,GCTTGCGCCGTTTCGGAA,,,
017d1f24-524c-4dbf-a3f6-209835f10fa7,TGGGGTACCATACAATCCAC,GGGTGGCTTGGGGCAAGA,CGCCGAGTGCAGCAGCGG,,
f4b41d95-0e8b-4ad4-9654-534c1f077623,,AATCAAGCTATTTTGAAT,,,
7f9c342f-d968-446e-8538-33efb240d08b,TGGGGTACCATACAATCCAC,,,,
929ac2ab-bc4b-426d-b401-adeb59d8d0e6,TGGGGTACCATACAATCCAC,,,ACGCGCGCATCGGAATAGCTCGCATGGCTCGCGT,ACGCGCGCATCGGAATAGCTCGCATGGCTCGCGT
5c9488a7-019a-49af-a077-0dbc75b69311,,CGGTATGTTGCTGTAAAC,,,
0f4656c8-f11e-4cbd-8fd3-71a9033116ca,,TAGTACATTATTCTAGGG,,,
d979c4af-faf7-432e-9ee0-690756db050a,,CAGTGTCGTGTAACGTAC,GCCTAGTATGTTCTGAAG,AACGCGAGCCATGCGGGCGCGTCCGATGCGCGCG,AACGCGAGCCATGCGGGCGCGTCCGATGCGCGCG
7b793bbc-cb74-43de-adef-bbc0d8bf2c5a,,,CTGTGAGTTACATCACAA,,
430c504a-174c-4f4b-9a8c-a52751ef0845,,CGGCGCCTTAGGGCGATT,,,
f3fb8e02-b42f-4e10-9194-eadef448f050,,TCTTGTTGCGTCTCAGAA,,,
7ca94989-421e-4e20-a51f-13f8d3530256,TGGGGTACCATACAATCCAC,,,CCATGGTTAAGTGTCCGTCTGGGCGATGCGCGCG,CCATGGTTAAGTGTCCGTCTGGGCGATGCGCGCG
f2959fb8-fd7d-4e28-850d-3917fc01079b,,,CATTACGCTGAAGTGCCG,,
cd99b547-0ce2-4b39-92da-d294bfb4d43e,,ATTTGGAAATGATTCACA,,,
cb98cc1d-40bf-407c-b318-0b6af8ee4a8b,TGGGGTGCTATACAATCCAC,TTATGTTCCGATTTGCTT,CAATGTTTTATCATGCAG,CGCGAGCCATGAGTTGAGGTACGATGCGCACGTA,CGCGAGCCATGAGTTGAGGTACGATGCGCACGTA
f464a3f3-93e2-444b-b67e-5fd47db565ec,,TATACAATGTGTCTAGTG,,,
70d5d21d-8cc9-4975-9727-714d55ef28ad,,TGTTATCGTATTGTGATT,,,
7ab27e92-f5a2-498d-82a0-008bbc7aca10,,TATTGTTATAGTGCACTC,GCTTTATCGTTGTTAGCT,,
d8ed0440-a75c-47b6-af5f-73f6f7f59fb8,CAGGGTACCATACAATCCAC,,AGACATACTGTAATAATT,ACACGAGCCATGACTGATGGCCCGATGCGCGCGT,ACGCGAGCCATGACTGATGGCCCGATGCGCGCGT
37f6fbfc-1bdc-4d2c-8a96-1cfa8fc63a8a,TGGGGGTACCATACAATCCAC,,,ACGCGAGCCATGAGTTGAGGTACGATGCGCGCGT,ACGCGAGCCATGAGTTGAGGTACGATGCGCGCGT
1c0c5676-3560-4bcb-b595-93d0f47d04e5,TGGGGTACCATACAATCCAC,TTTCGTATCAAGATGCGT,,ACGCGCGCATTGGAATAGCTCGCATGGCTCGCGT,ACGCGCGCATTGGAATAGCTCGCATGGCTCGCGT
76231151-42ca-4bc0-8692-741576ac4cd8,TGGGGTACCATACAATCCAC,GAGTGCTACATTGCGTGG,AGGCGGAGTGAAGCACGG,ACGCGCGCATTGGAATAGCTCGCATGGCTCGCGT,ACGCGCGCATTGGAATAGCTCGCATGGCTCGCGT
13d8b528-bec9-4b76-9f84-796d18344225,TGGGGTACCATACAATCCAC,,,,
20b6d786-b46c-4b3a-9326-7f1a9b5fcb16,,GTCCGTATCGCCACGGGT,,,
4ca79749-810a-4c34-b329-df64d77699e8,,,AATCGAGCTGACACACGT,,
b3b1bb87-a5a5-4361-a05e-2e3c2bfbe4ec,TGGGGTACCATACAATCCAC,,GCGCGTCTCGACTCGCAC,,
c2a87bd5-82c3-4def-b239-9cdaea7d46eb,TGGGGTACCATATTTCCAC,GACTGAAACATATCGTAA,TTTTGCCGTGCGCCACTG,ACGCGAGCCATGACTGATGGCCCGATGCGCGCGT,ACGCGAGCCATGACTGATGGCCCGATGCGCGCGT
a161bfb2-2041-4ad1-bc0d-4c7bbf9da6b4,,GTATAAGTCGTAATAGTG,,,
62e50e31-2541-4114-bbcc-a538441b6b52,,,,ACGCGAGCCATGGCTCTCTAATCGATGCGCGCGT,ACGCGAGCCATGGCTCTCTAATCGATGCGCGCGT
7c344b2c-0467-48a5-b27a-ce9194649316,TGAGGGTACCAGCAATCCAC,TCCATTTTTGGGTCATTG,CACCACTTCACTACGCTA,ACGCGAGCCATGAGTTGAGGTACGATGCGCGCGT,ACGCGAGCCATGAGTTGAGGTACGATGCGCGCGT
aa6640e1-7548-4b21-aa69-47da894c0b6e,,,,ACGCGAGCCATGAGTTGAGGTACGATGCGCGCGT,ACGCGAGCCATGAGTTGAGGTACGATGCGCGCGT
b4865b44-c100-4093-a86e-9b7da00ef15a,TGAGGGTACCATACAATCCAC,TGATGTCACGGCGTGATA,,,
b42dd3b5-3e4a-47a8-9541-dc546ba63a39,TGGGGTACCATACAATCCAC,,GAGCGTACCACTTTACCC,ACGCGAGCCATGAGTTGAGGTACGATGCGCGCGT,ACGCGAGCCATGAGTTGAGGTACGATGCGCGCGT
8484257b-0ee5-4593-82fa-1f138f4f9cea,TGGGGTACCATACAATCCAC,,,ACGCGAGCCATGTGGTCGCTTTCGATGCGCGCGT,ACGCGAGCCATGTGGTCGCTTTCGATGCGCGCGT
a2bba604-3e9e-4a03-ac04-b7fe608ad442,TGGGGTACCATACAATCCAC,TCCTGCGATGATGCAGTG,ACTCACACTACAGCCCGG,,
61a04e04-3c9e-4b3f-8838-db33b5e325bf,TGGGGGTACCATACAATCCAC,CATTAGATTATTTTGTAG,,ACGCGAATGTGAGTTGAGGTACGATGCGCGCGTA,ACGCGAATGTGAGTTGAGGTACGATGCGCGCGTA
3fb21b58-9397-43f5-b846-c68b5fb79471,TGGGGTACCATACAATCCAC,CTTTACGTTATTCTAGTT,AAGTAAGGTAAAATATCA,,
10372f53-b791-47a5-a631-018d3ab27d49,TGGGGTACCATACAATCCAC,GGCCAGAACGATCCGGGA,,ACGCGAGCCATGAGTTGAGGTACGATGCGCGCGT,ACGCGAGCCATGAGTTGAGGTACGATGCGCGCGT
51b2e081-4ccf-40dc-be9d-03f90b481d18,TGGGGTACCATACAATCCC,,,ACGCGAGCCATGAGTTGAGGTACGATGCGCGCGT,ACGCGAGCCATGAGTTGAGGTACGATGCGCGCGT
063e27ed-a467-4f14-8a10-327bf4f01bb2,TGGGGTACCATAAAATCCA,,,ACGCGAGCCATGAGTTGAGGTACGATGCGCGCGT,ACGCGAGCCATGAGTTGAGGTACGATGCGCGCGT
feba6581-e9e0-4fc0-9a66-09d03b3b6477,TGGGGTACCATACAATCCAC,AACTGTAACGGGCTCGGT,GCATATGATAGCCCAGTC,ACATGAGCCATGTGCGCGTATCCGATGCGCGCGT,ACGCGAGCCATGTGCGCGTATCCGATGCGCGCGT
9712ceb9-b2af-408d-bca7-5700c270aa32,TGGGGTACCATACAATCCAC,,CCCAAGATAATGCTGAGC,,
8ce5a839-c661-456a-8b53-e6c111091e1a,,TGTCGAGGCGTTCCGCGT,CGTTGTCGCATAATATCC,,
b27a8e85-0e5e-44d4-b8fb-7ef041177402,,CGATACGGCAGGCCGGTA,,,
7e8d86d3-20c9-48c6-a54b-9c791ce1c335,,GTGTGAATTAACGCGGTA,,,
4431c8bc-9dbb-4ad8-b6bb-ee8af0b34d1b,TGGGGTACCATACAATCCAC,,,ACGCGAGCCATGTGCGCGTATCCGATGCGCGCGT,ACGCGAGCCATGTGCGCGTATCCGATGCGCGCGT
96b73638-4867-44d3-ba57-dce99d2fe14b,TTGGTACCATACAATCCAC,CGGCAGATTACTATGTAG,,,
22832d55-e180-4f01-aded-f66b419520a0,TGGGGTACCATACAATCCAC,,,ACGCGAGCCATGTGCGCGTATCCGATGCGCGCGT,ACGCGAGCCATGTGCGCGTATCCGATGCGCGCGT
8c47bab4-5ce3-435e-9d9a-e422da0da95a,TGGGGTACCATACAATCCAC,AATTATCCTAGTGTGCGG,AACAAATGTGAGATGCAA,ACGCGAGCCATGTGCGCGTATCCGATGCGCGCGT,ACGCGAGCCATGTGCGCGTATCCGATGCGCGCGT
43a23e46-df08-4f47-a831-ae8d425cc789,TGGGGTACCATACAATCCAC,CGCCGGTTCACTTTGGAT,,CTTGAGCCATGTGCGCGTATCCGATGCGCGCGTA,CGTGAGCCATGTGCGCGTATCCGATGCGCGCGTA
d8bb2a7f-b629-4cfa-b68a-c04d64d70cbe,TTGGGTACCATACAATCCAC,,,CTAAGTGAGCTGTGTGCGTATCCGATGTGCTAAG,CTAAGTGAGCTGTGTGCGTATCCGATGTGCTAAG
1250375b-54e4-42c5-bbb9-e87938b59dfc,TGGGGTACCATACAATCCAC,,CCCTAGAGTGATATAAAA,ACGCGCGCATCGGTACGGGGGTCATGGCTCGCGT,ACGCGCGCATCGGTACGGGGGTCATGGCTCGCGT
0dfdebf6-5a4a-4e0d-9a21-1a4ceb08cd64,TGGGGTACATACAATCCAC,,,ACGCGAGCCATGTGCGCGTATCCGATGCGCGCGT,ACGCGAGCCATGTGCGCGTATCCGATGCGCGCGT
a9dba3ee-9ebe-4e1e-befa-db84e51a41e3,TGGGGTACCATACAATCCAC,TATCAGAGTAAAGTACTG,TAATATCCCAAAGCAAAG,GTAAGGAGCCATGTGCGCGTATCCGATGCGCGCG,GTAAGGAGCCATGTGCGCGTATCCGATGCGCGCG
98f79975-8d77-4875-94a5-fa81fc15ca6b,TGGGGTACCATACAATCCAC,GTGTAGGGTACATCAGTG,,ACGCGAGCTATGTGCGCGTATCCGATGCGCGCGT,ACGCGAGCCATGTGCGCGTATCCGATGCGCGCGT
7e228340-25cc-409c-98ab-ca5323c4ab06,,CTGCATCCCGGGGTGGTT,TGCCGTGCCGGACCATTG,,
69fa4743-dedb-4b85-b982-f9b0ec4932a3,TGGGGTACCATACAATCCAC,CGTCACGGTGACATGGCT,GCATACATCAATACAATT,ACGCGAGCCATGTGCGCGTATCCGATGCGCGCGT,ACGCGAGCCATGTGCGCGTATCCGATGCGCGCGT
d17c8123-d103-4512-8007-bad2eedad311,TGGGGTACCATACAATCCAC,,,,
c921ea3c-e6a5-453e-b513-c3d55d42ebbb,TGGGGTACCATACAATCCAC,,,,
818b8edf-bc9a-49f2-a4ea-9d492eb146a2,TGGGGTACCATACAATCCAC,,,,
17d08b55-5fb6-4c9f-bd6a-939fedd1c434,TGGGGTACCATACAATCCAC,AACTGCGTCGTCTTGTCG,,ACGCGCGCATCGTAGGATCTAGCATGGCTCGCGT,ACGCGCGCATCGTAGGATCTAGCATGGCTCGCGT
c93b741e-f0a9-48c5-aaf1-5d0aa9104089,TGGGGTACCATACAATCCAC,GTGTGCGTTGGATCGGCG,,ACGCGCGCATCGTAGGATCTAGCATGGCTCGCGT,ACGCGCGCATCGTAGGATCTAGCATGGCTCGCGT
1b3cd515-60d7-4fba-acba-0ff007c8ffb9,,GTTTGGTATAGCATGGTT,,,
7e102d4f-4257-49dc-bd3a-00d049590700,TGGGGTACCATACAATCCAC,TCTTGCAGCAGAATGCCT,AACCAAATATGAATCACG,ACGCGCGCATCGTAGGATCTAGCATGGCTCGCGT,ACGCGCGCATCGTAGGATCTAGCATGGCTCGCGT
6ab9cd70-01b6-4c4a-8304-f62659d26cfc,TGGGGTACCATACAATCCAC,TCACGGGACACGGTGGTG,,ACGCGCGCATCGTAGGATCTAGCATGGCTCGCGT,ACGCGCGCATCGTAGGATCTAGCATGGCTCGCGT
06689a47-a7a8-40a5-bc83-e65c22d46963,TGGGGTACCATACAATCCAC,CCACATTCTAAATCGCGG,,ACGCGAGCCATGTGCGCGTATCCGATGCGCGCGT,ACGCGAGCCATGTGCGCGTATCCGATGCGCGCGT
113f7f7a-f5e1-4bd3-b897-82976c45419e,TGCAGTGCCATACAATCCAC,,,,
f62c1e3c-7d01-446d-acf5-7aa5c205c6af,TGGGGTACCATACAATCCAC,,TTATGGGCCGGGCTATAC,ACGCACGCATCGTGAGATCTAAGCATGGCTCGCG,ACGCACGCATCGTGAGATCTAAGCATGGCTCGCG
aacddfbb-91d2-42b8-acab-28c683259fb6,TGGGGTACCATACAATCCAC,,CCGCAAAATGCGTTTATC,ACGCGAGCCATGTGCGCGTATCCGATGCGCGCGT,ACGCGAGCCATGTGCGCGTATCCGATGCGCGCGT
d15c869f-b6a5-4803-a2af-49df75c9bc92,TGGGGTACCATACAATCCAC,ATATAATGTACGTTAGGA,,ACGCGCGCATCGTAGGATCTAGCATGGCTCGCGT,ACGCGCGCATCGTAGGATCTAGCATGGCTCGCGT
0f87d302-0d1d-4754-bc4a-d1aafd687ee0,TGGGGTACCATACAATCCAC,TTTCACGCCAACTCATCA,CTGCACTCTGTGACGCCC,ACGCGCGCATCATAGGATCTAGCATGGCTCGCGT,ACGCGCGCATCGTAGGATCTAGCATGGCTCGCGT
83af4ca3-9d05-4063-8963-aab8da4fb591,TGGGGTACCATACAATCCAC,,,,
56b730d7-9edf-4c1d-a155-7e0b032a630f,TGGGGTACCATACAATCCAC,GTATGGGGTATGGTGTAG,,,
1bbc71d9-d13b-4811-bfe0-9c79c48b54d2,TGGGGTACCATACAATCCAC,,,ACGCGCGCATCGTAGGATCTAGCATGGCTCGCGT,ACGCGCGCATCGTAGGATCTAGCATGGCTCGCGT
06554002-7286-4e7d-a490-13a08f50dbd8,,,,ACGCGCGCATCGGTACGGGGGTCATGGCTCGCGT,ACGCGCGCATCGGTACGGGGGTCATGGCTCGCGT
a88ce2af-1463-4aee-b8d8-bc90053eedc5,TGGGGTACCATACAATCCAC,TTGTATCACATTGCACAA,TACTATCTTAAAACGCTG,CGCGCGCATCGTAGGATCTAGCATGGCTTCCGCG,CGCGCGCATCGTAGGATCTAGCATGGCTTCCGCG
abefe5e6-d070-4e7e-b862-0fbbbaf04308,,GGACGGGGTGGTTTGGAG,CATCAGCCCCACAGTAAG,ACGCGAGCTGCGTGCGTATCCGGGATGCGCGCGT,ACGCGAGCTGCGTGCGTATCCGGGATGCGCGCGT
2788ccc2-9158-498f-9318-820e6a8c9a52,TGGGGTACCATACAATCCAC,ATGTACGCCATTATATTC,TTTTAATCTGACCCGCTC,CGTGAGCCATGTGCGCGTATCCGATGCGCGCGTA,CGTGAGCCATGTGCGCGTATCCGATGCGCGCGTA
b3b71bdd-e634-40fc-8e05-2e84145056c1,TGGGGTACCATACAATCCAC,AGACGAAACAGGTTGGGC,GGACACGCCGAACCGGCG,ACGCGCGCATCGTAGGATCTAGCATGGCTCGCGT,ACGCGCGCATCGTAGGATCTAGCATGGCTCGCGT
ff0f6f45-8667-4a91-adfc-fd52442c63d6,TGGGAGTACCATACAATCCAC,ACGCGGGATGGCTTACCA,,,
7a508d3e-8abb-48c0-a221-98181032815b,TGGGGTACCATACAATCCAC,TCTTAAAACAGTTTATCG,GCCTACCTCGATGTGAAA,ACGCGCGCATCGTAGGATCTAGCATGGCTCGCGT,ACGCGCGCATCGTAGGATCTAGCATGGCTCGCGT
7814153b-5f0f-426c-9d04-ffac6743a874,,AAGTAAGTTGAAGTGGGA,,ACGCGCATCAGTAGGATCTAGCATGGCTCGCGTA,ACGCGCATCAGTAGGATCTAGCATGGCTCGCGTA
bacaed17-8edd-4635-b8c3-84312054440a,TGGGGTACCATACAATCCAC,,CAACACCACATAACAACC,ACGCGCGCATCGGAATAGCTCGCATGGCTCGCGT,ACGCGCGCATCGGAATAGCTCGCATGGCTCGCGT
19fec0e7-0727-4d74-96e3-748a68ad208f,TGGGGTACCATACAATCCAC,,,ACGCAGGCCATGGAGTTGAGGTACGATGCGCGCG,ACGCAGGCCATGGAGTTGAGGTACGATGCGCGCG
a10501a6-9493-4598-bb12-caae3a33905c,TGAGGTACCATACAATCCAC,,,,
78c4d69c-34db-426a-a830-5b00595a1586,TGGGGTACCATACAATCCAC,,,,
04edd69b-d8ed-4eec-a478-c643f56190e6,TGGGGTACCATACAATCCAC,,,ACGCGAGCCATGGGGTTTTAACCGATGTGCTGTA,ACGCGAGCCATGGGGTTTTAACCGATGTGCTGTA
7f022395-c69f-4980-8c80-e92f59b48ba2,TGGGGCACCAACAATCCAC,,CGATGGAACAAGCTAAAA,ACGCGAGCCATGGGGTTTTAACCGATGCGCGCGT,ACGCGAGCCATGGGGTTTTAACCGATGCGCGCGT
f902ebde-af68-46cc-9b77-9fc7749912ff,TGGGGTACCATACAATCCAC,TTTGTAGCGGTTTACCGG,TAATGGTTCAATATAAGG,ACGCGAGCCATGACTGATGGCCTGATGCGCGCGT,ACGCGAGCCATGACTGATGGCCCGATGCGCGCGT
e995d9ad-8281-4cdf-8f17-2471d0e11854,TGGGGTACCATACAATCCAC,TTATGTTCCGGTGTACAC,,ACGCGAGCCATGTGGTCGCTTTCGATGCGCGCGT,ACGCGAGCCATGTGGTCGCTTTCGATGCGCGCGT
44e56bc7-7dcc-49ce-8e2c-5b7915f83cf5,TGGGGTACCACTACAATCCC,GAGTAGGCTAGTGTAGAT,ATCTAAAGCACAGTAAGT,ACGCGAGCCATGAAACATAACCCGATGCGCGCGT,ACGCGAGCCATGAAACATAACCCGATGCGCGCGT
baf531ee-4b57-4b82-a533-4c58dfb44770,TGGGGTACCATACAATCCAC,,,,
4f3bd28a-d691-4452-9c02-3243c097d6ab,TGGGGTACCATACAATCCAC,ATCCGGGATAACACGTTA,TACCGCGCCACCTTGCCA,,
55892387-eed3-485f-8815-132062bbb7c0,TGGGGTACCATACAATCCAC,,,,
f2a4023b-fd77-4419-a251-f0420b14ca40,,TGCGTGCTATGGGGTGAT,TATCACTACAAATCGAGA,,
2eb7a873-a043-4d12-a0c4-50bc7b512e6d,TGGGGTACCATACAATCCAC,,TGTCAGCGTGACCAGTAG,,
d624fc54-846f-40b0-bc02-25f3ad4fd960,TGGGGTACCATACAATCCA,,,CCGTTGTTTCTGCATGAGTAAACCGATGCGCGCG,CCGTTGTTTCTGCATGAGTAAACCGATGCGCGCG
f8aeaf58-261b-47a3-adba-4f0e505ed0db,TGGGGTACCATACAATCCAC,,AAACAATTTAATGTACAT,ACGCGAGCCATGGTCGATAAACCGGATGCGCGCG,ACGCGAGCCATGGTCGATAAACCGGATGCGCGCG
126a36b9-7617-44c2-a5fd-f4b6726523b6,TGGGGTACCATACAATCCAC,,,,
2da98d58-d3ea-44c6-ac6a-b616aeb1e8b3,TGGGGTACCATACAATCCAC,,,ACGCGCGCATCGAGGGTGGGGGCATGGCTCATGT,ACGCGCGCATCGAGGGTGGGGGCATGGCTCATGT
0aac4739-3487-4d38-a95a-4b967595e091,TGGGGTACCATACAATCCAC,,,ACGCGAGCCATGCATTGATAAAAACCGATGCAAG,ACGCGAGCCATGCATTGATAAAAACCGATGCAAG
d6c5f487-2627-4230-9990-7b845ffa1baf,TGGGGTACCATACAATCCA,,GACTACAACAAAGTGAAC,,
1b7dae58-3a88-40bc-bd5c-c113a34258b1,TTGGGTACCATACAATCCAC,GCCATGCTATCTCTAAGA,,ACGCGAGCCATGGCTCTCTAATCGATGCGCGCGT,ACGCGAGCCATGGCTCTCTAATCGATGCGCGCGT
99703d84-6541-4ad7-8811-e106d7e22d23,TGGGGTACCATACAATCCAC,CACCAGAGTATATTAGGA,,ACGCGAGCCATGTGGTCGCTTTCGATGCGCGCGT,ACGCGAGCCATGTGGTCGCTTTCGATGCGCGCGT
2f12f77c-427c-4697-bf9d-0516689d092b,TGGGGTACCATACAATCCAC,,,ACGCGAGCCATGTGGTCGCTTTCGATGCGCGCGT,ACGCGAGCCATGTGGTCGCTTTCGATGCGCGCGT
bb53c2fa-be53-47f0-9cf1-1d30f08dc8ea,TGGGGTACCATACAATCCAC,,CAACCAATGTACAATGAG,,
d133271a-c091-4189-a561-c328a267f9e9,TGGGGTACCATACAATCCAC,TCGGAAGCACAAGTCGTA,CTTCACGACATTACGATG,ACGCGAGCCTGCGTGGTCGCTTTCGATGCGCGCG,ACGCGAGCCTGCGTGGTCGCTTTCGATGCGCGCG
d837589a-5b8c-4d06-bf73-0610ca88b2c1,,CCCTCACACCGATACGCA,,,
f5e389af-4d3a-46b2-8e40-f37a1cbffd9c,TGGGGTACCATACAATCCAC,GGCCAGAGCATCCTGTTC,,ACGCGAGCCATGTGGTCGCTTTCGATGCGCGCGT,ACGCGAGCCATGTGGTCGCTTTCGATGCGCGCGT
f78e4bf7-7a05-49ef-8af1-3e96fc116212,TGGGGTACCATACAATCCAC,,CGCTATTACGTAGCACTT,CGCGAGCCATGTGGTCGCTTTCGATGCGCGCGCG,CGCGAGCCATGTGGTCGCTTTCGATGCGCGCGCG
a89f22ad-f237-47df-9e0f-27198e8c85b7,TGGGGTACCATACAATCCAC,,,ACGCGAGCCATGTGGTCGCTTTCGATGCGCGCGT,ACGCGAGCCATGTGGTCGCTTTCGATGCGCGCGT
2d18c3d8-d99c-492d-bc55-d4e09532e0a7,TGGGGTACCATACAATCCAC,GTGTATTATAGTCTGGCT,,,
9412d83a-37c4-4c76-af6e-7c5457b4b8f1,TGGGGTACCATACAATCCAC,GATAGATTATGGTGGGCA,CGCAAAACGTTACGTGAT,ACGCGAGCCATGTGGTCGCTTTCGATACGCGCGT,ACGCGAGCCATGTGGTCGCTTTCGATGCGCGCGT
8ab144e0-3685-4b5d-bfff-97b4a2c23421,TGGGGTACCATACAATCCAC,ACCCGTCTTGGTCCGGGG,,ACGCGAGCCATGAGTTGAGGTACGATGCGCGCGT,ACGCGAGCCATGAGTTGAGGTACGATGCGCGCGT
d6f907cb-b29e-4c99-91ce-f9c460275b13,TGGGGTACCATACAATCCAC,,,ACGCAGCAAACCATGTGGTCCTTTCGATGCGCGT,ACGCAGCAAACCATGTGGTCCTTTCGATGCGCGT
017dcaa6-b5f2-4772-a5ba-5700481084a3,TGGGGTACATACAATCCAC,,,ACGCGAGCCATGTGGTCGCTTTCGATGCGCGCGT,ACGCGAGCCATGTGGTCGCTTTCGATGCGCGCGT
2589e451-b15a-428e-9cf7-a4b32584a203,TGGGGTACCATACAATCCAC,,ACGCACAGCAGGCCAGAC,ACGCGAGCCATGTGGTCGCTTTCGATGCGCGCGT,ACGCGAGCCATGTGGTCGCTTTCGATGCGCGCGT
77481443-27f3-4bed-8d9f-8b4b30cf0a51,TGGGGTACCATACAATCCAC,,,,
70402ae8-d22d-4691-9df1-52e7ca23d304,TGGGGTACCATACAATCCAC,CCACGTGCCAGATCGTAG,,ACGCGAGCCATGTGGTCGCTTTCCGATTAGCGCG,ACGCGAGCCATGTGGTCGCTTTCCGATTAGCGCG
edba8529-f924-4adf-bee8-fd37bf9d9851,TGGGGTACCATACAATCCAC,,CAATGCCTTGTAATACTC,,
a19255bb-1cb3-4a2d-a949-28ec9b4504e6,,GTTCGAAATGTGTCGCCT,,,
b4ae3926-240c-4a93-b60c-33605e294317,TGGGGTACCATACAATCCAC,ACGCGTCATGGTGCGGGT,TGCACAATACACTGCCAG,,
ffea0b8e-458c-45a5-bcfe-7943741e6cbe,,,CGCCGCTATGATCCAATA,,
a88e4b0b-d647-4127-ba4f-1cab628f0097,TGGGGTACCATACAATCCAC,,,,
46909ed8-4eea-47fc-8817-14db826b4491,TGGGGTACCATACAATACA,,ACGCAAAACGCCTCATAA,,
15c822b6-87cb-49b1-bebe-4199f949b49c,TGGGGTACCATACAATCCAC,,CGGTGTGATAAAACACTG,ACGCAGCCCATGTGGTCGCTTTCGATGCACGCGT,ACGCAGCCCATGTGGTCGCTTTCGATGCACGCGT
5e410137-1a96-4599-8600-64a6a4ae7f24,TGGGGTACCATACAATCCAC,TTTGGTTTACAGCGTCGA,,GCATGACCATGTGGTCGCTTTCGATGCGCGCGTA,GCATGACCATGTGGTCGCTTTCGATGCGCGCGTA
79f057bf-6b16-43b5-83e1-4204346503de,AGGGCACCATACAATCCAC,TGGCGGGATATGTTGAGT,,,
d350de91-e9a2-4db2-ab8e-eb9bcdb70f9a,TGGGGTACCATACAATCCAC,,CGTTATTCTATACCAACA,,
a0520f98-947b-4d4b-aec6-18863305db1b,TGGGGTACCATACAATCCAC,GGTTGGACTGTATCGAGT,,,
b89efae0-2502-41d9-b33a-f47203b9854a,TGGGGTACCATACAATCCAC,TCTTGAAATAAGATGGTA,,,
2315b71b-bd4e-4b9e-a5c5-0ff58e805912,TGGGGTACCATACAATCCAC,TGACGGAGTGTAACATTT,,ACGCGAGCCATGTGGTCGCTTTCGATGCGCGCGT,ACGCGAGCCATGTGGTCGCTTTCGATGCGCGCGT
b95c4748-0e51-497b-ba91-30cb31292cfd,TGGGGTACCATACAATCCAC,TTTTAGTGTAGACTGGTA,ATCCACACCGAACCGTTT,ACGCGAGCCATGTGGTCGCTTTCGATGCGCGCGT,ACGCGAGCCATGTGGTCGCTTTCGATGCGCGCGT
8838cace-32be-4a8a-98eb-a6345f644d91,TGGGGTACCATACAATCCAC,AAATAGCATGGCATAATT,,,
33029ce9-ba43-47b5-a71b-7ccdb2baf8c3,TGGGGTACCATACAATCCAC,TCTGTGCAGCGCGTTACG,,ACGCGAGCCATGGCTCCCTAATCGATGCGCGCGT,ACGCGAGCCATGGCTCTCTAATCGATGCGCGCGT
c7e787ca-34d5-42b3-94ed-df8338d348ee,TGGGGTACCATACAATCCAC,,ACATGTTCCACCCTGACA,,
6859204b-405e-4cd5-b42c-132336e085ad,TTGGGTACCATACAATCCAC,,AGACAAAGCAACATGGAT,ACGCGAGCTCATGTGGTCGCTTTCGATGCGCGCG,ACGCGAGCTCATGTGGTCGCTTTCGATGCGCGCG
42ccf046-cee9-4174-ae70-e9bcdbb565cf,TGGGGTACCATACAATCCAC,AACTGGCGTGCCGTAGCG,CCCCATGGCGATTATAAA,ACGCGAGCCATGTGGTCGCTTTCGATGCGCGCGT,ACGCGAGCCATGTGGTCGCTTTCGATGCGCGCGT
3a4bb94a-83b7-4ea5-a579-802da34d3628,TGGGGTACCATACAATCCAC,,,,
82f6b6c5-c5fb-4ce6-bf8c-f7d7dfc53857,TGGGGTACCATACAATCCAC,,,,
c3bd1adb-7fae-4b24-8b32-57fd6398978b,TGGGGTACCATACAATCCAC,,ACGTGCCCTGAATTATCC,CGCGCGTGCATCGGTGCTCATTACATGGCTCGCG,CGCGCGTGCATCGGTGCTCATTACATGGCTCGCG
ddd91cc5-f0dc-4ea3-903b-65e8fa421500,TGGGGTACCATACAATCCAC,,,,
9f05d07f-8f39-4d12-8e2f-6c248f78c102,TGGGGTACCATACAATCCAC,GCGTGGTGTGCCCTGTCA,CGCTAAAACGAGACGCGC,,
4bbd8f70-f9fb-474f-b871-472f719c0533,TGGGGTACCATACAATCCAC,,GTTCAATTCGGCACAACT,ACGCGAGCCATGTGGTCGCTTTCGATGCGCGCGT,ACGCGAGCCATGTGGTCGCTTTCGATGCGCGCGT
3dc05e67-91e7-4e23-af0c-a10996a0f97e,TGGGGTACCATACAATCCAC,GGTCAGGTATTTGGTTAA,,,
ca7545e0-4ae7-47f1-a105-e6d0c354f80d,,,,ACACGAGCCATGTGGTCCTTTCGATGCTTGTGTA,ACACGAGCCATGTGGTCCTTTCGATGCTTGTGTA
45e49fec-f018-4ef3-99c5-597898b32365,TGGGGTACCATACAATCCAC,GTCTGTCTTTACGTTGGG,,ACGCGAGCCATGTGGTCGCTTTCGGATGCGCGTA,ACGCGAGCCATGTGGTCGCTTTCGGATGCGCGTA
68ff32d5-da17-432d-9fb3-06eb10ec7d65,TGGGGTACCATACAATCCAC,TTTACCCTTGGGTCGGAG,GCCTGCCGTGTGTTGCAG,,
c2403a04-e287-42b4-9a9f-1bdf8ea725f2,TGGGGTACCATACAATCCAC,,,,
0594c03d-fe22-4814-92dd-31d95c12d14b,TGGGGTGCCATACAATCCT,GGACGAGGCGAGGTAGGT,,,
20e94fb5-5ff7-48fd-9b4a-fea9bfe4ae81,TGGGGGTACCATACAATCCAC,,,ACGCGAGCCATGAGTTGAGGTACGATGCGCGCGT,ACGCGAGCCATGAGTTGAGGTACGATGCGCGCGT
27bc38d9-30c1-44c2-a7fd-686bc0e8b0e7,TGGGGTACCATACAATCCAC,GCGTGCAGTAACTTGAAG,,ACGCGAGCCATGTGCGCGTATCCGATGCGCGCGT,ACGCGAGCCATGTGCGCGTATCCGATGCGCGCGT
89d2bd8b-a6f0-4d03-b807-dd2ad4381797,TGGGGTACCATACAATCCAC,GATTATGTCAGGGTATGT,,,
37f5d954-0204-4379-9269-41c3084f3544,TTGGGTACCATACAATCCAC,ACGCGGGCCAACCCGCGG,ATCCGTGTTGGGCCAGGA,,
06bad604-695d-45cb-95de-4abcd91b53fe,TGGGGAACCGCTACAATCCAC,TAGTGGTGTGGGACGCAA,AACACCCCCAACGCAAAA,ACGCGAGCCATGTCCGTCTGGGCGATGCGCGCGT,ACGCGAGCCATGTCCGTCTGGGCGATGCGCGCGT
53e128a8-b151-4be4-a727-8223561480d3,,CTGCATATTATTGTGTCG,CACTTGCTGTAACCTATA,ACGCGAGCCATGACTGATGGCCCGATGCGCGCGT,ACGCGAGCCATGACTGATGGCCCGATGCGCGCGT
370fc041-1239-4f23-bbea-424c0e97061d,,GGGTGTAGTACTGGATTC,,,
c601a8a0-5797-4bf8-b03b-72c5fe34639f,,TCCCAAGATAGTATGTAA,,,
bb38077b-1da1-4211-a923-17b1ee4d0892,,GGACGGTTCAGCGCGAGG,AGATAAATCATGGCATCA,ACGCGAGCCATGTGGTCGCTTTCGATGCGCGCGT,ACGCGAGCCATGTGGTCGCTTTCGATGCGCGCGT
72d3ab5f-8733-4adc-9782-798b31b6cba0,,,,ACGCGAGCCATGAGTTGAGGTACGATGCGCGCGT,ACGCGAGCCATGAGTTGAGGTACGATGCGCGCGT
edbc900a-3473-4bff-b4f2-8b992d4ce202,,,,ACGCGCGCATCGGTGCTCATTACATGGCTCTCGT,ACGCGCGCATCGGTGCTCATTACATGGCTCTCGT
c1205565-8851-46f1-95ac-8387a077a9dc,,GTATGGCCCGGTAAGGGC,,ACGCGAGCCATGGCTCTCTAATCGATGCGCGCGT,ACGCGAGCCATGGCTCTCTAATCGATGCGCGCGT
5b1b5d0b-7c26-4c2a-b778-949d2cf7ccd4,,,,ACGCGAGCCATGGCTCTCTCAATCGATGCGCGTA,ACGCGAGCCATGGCTCTCTCAATCGATGCGCGTA
9a2c7b21-df2d-4e32-ace9-508fb4210b1f,,AACCAGGACAGTGTACTT,CGTTAGGGTAGACCGGCA,,
dcb89904-45d8-4d27-b8ad-16200f24d73d,,,,ACGCGAGCCATGTGGTCGCTTTCGATGCGCGCGT,ACGCGAGCCATGTGGTCGCTTTCGATGCGCGCGT
94e799fb-7e10-490c-84cf-0c3d7748f183,,,CGACACAGCACTATGATA,,
d3261eae-06ef-4aa3-a299-aeff62e6c9a8,,TTGTGGTGTGCTGTGGCC,CCCCGTTGTAGCTTGGCC,ACGCGAGCCATGTGGTCGCTTTCGATGCGCGCGT,ACGCGAGCCATGTGGTCGCTTTCGATGCGCGCGT
d8e31506-fd3d-4fb3-8975-44d215b8e9f0,,GAGTGCGATGATGTGTTT,AGTTATATTATCCTGCAC,ACGCGAGCCATGAGTTGAGGTAACAGATGCGCGT,ACGCGAGCCATGAGTTGAGGTAACAGATGCGCGT
dfce6e38-15a5-42f0-8ca0-04eee5b77623,,,,ACGCGAGCCAAGGCTCTCTAATCGATGCGCGCGT,ACGCGAGCCATGGCTCTCTAATCGATGCGCGCGT
b89087c4-0808-4abb-b19a-14d18636d247,,,,ACGCGAGCCATGGCTCTCTAATCGATGCGCGCGT,ACGCGAGCCATGGCTCTCTAATCGATGCGCGCGT
2bf794c3-4f2c-49c3-abff-81f5c890ae4c,,,GTACAAGCCAGACTGTAA,,
b1f10681-8792-4d1a-878f-cac47ba02689,,GGCTGCAGTACGGCGGTA,,ACGCGCGCATCGGTACGGGGGTCATAATCCGCGT,ACGCGCGCATCGGTACGGGGGTCATAATCCGCGT
f20e993d-ea9b-4212-a40a-b42746a930c6,,,CACTAACATAACCTGACT,,
733c4af8-b9d1-4581-9880-acadb9f3963b,,GTTTGTTGTAGATCAATG,TAGTAGCTTATACCAGAG,ACGCGCGCATCGGTACGGGGGTCATAGCTCGCGT,ACGCGCGCATCGGTACGGGGGTCATGGCTCGCGT
d112cd0f-1f6a-40cc-ae13-404171d68430,,GGATAATTTGATGTGTGT,,ACGCGCGCATCGGTACGGGGTCATGGCTCGCGTA,ACGCGCGCATCGGTACGGGGTCATGGCTCGCGTA
d602448c-3591-4a53-8d81-eff8ea489e73,,CGCCGGTGCGTTCTGCAA,,ACGCGCGCATCGTAGGATCTAGCATGGCTCGCGT,ACGCGCGCATCGTAGGATCTAGCATGGCTCGCGT
f66748d4-995c-4f38-b21e-14ba55690620,,GAACGCGCCGGGGTGGAG,,AACGCGCGCATCGGTACGGGGGTCATGGCTCGCG,AACGCGCGCATCGGTACGGGGGTCATGGCTCGCG
8d60b0a8-ecf6-4e70-b88a-404c29bc1087,,,,ACGCGCATCGGTAATGGGGGTCATGGCTCATGTA,ACGCGCATCGGTAATGGGGGTCATGGCTCATGTA
be11e314-3949-4d67-b4a3-64a322246453,,TGCCGGGTAAAGTAGGCA,TCTCATTCTGCCCTGAGG,,
07704359-1256-4bfe-ae40-b834ad30ac83,,,,ACGCAGGCGCATGTAGTCGATTCCGATGCGCGCG,ACGCAGGCGCATGTAGTCGATTCCGATGCGCGCG
cd011405-722f-4e10-947a-f2846db91af0,,,TCTCGATCCACGCCGCTT,ACGCGAGCCATGTAGTCGATTCCGATGCGCGCGT,ACGCGAGCCATGTAGTCGATTCCGATGCGCGCGT
fd3ac4ec-30d6-42a2-a197-07c2cf5cfbab,,TGGCGGGCCAGTGCAGTC,,,
3a7b3e2b-f5b3-4dd7-8ce2-7f101b1e3c69,,CCTGTAACGCGGTAGTGA,,,
469f1692-c97e-46f3-a2a8-384054bee2f7,,,CCTGACGCCGTGCTAAAG,ACGCGAGCCATGTAGTCGATTCGATGCGCGCGTA,ACGCGAGCCATGTAGTCGATTCGATGCGCGCGTA
0774cdba-b648-4ff1-a15e-f1f1589cece9,,,CTTCGTGTCGTAGTAAGA,ACGCGAGCCATGTAGTCGATTCCGATGCGCGCGT,ACGCGAGCCATGTAGTCGATTCCGATGCGCGCGT
29d4bdff-0861-4064-828b-05e855a92d94,,GGTATTATGTTCTGAGTA,,ACGCGAGCCATGTAGTCGATTCCGATGCGCGCGT,ACGCGAGCCATGTAGTCGATTCCGATGCGCGCGT
e22a75d4-bfa7-42f5-8f32-3b9854955136,,,CTGCAACGCAGAGCACTG,,
32e38581-2d47-4066-819c-a3f4da18a276,,ACTCGTAGCATGGTGTAT,AAATGTAATGGATTGACG,CGCGAGCCATGTAGTCGATTCCGATGCGCGTATG,CGCGAGCCATGTAGTCGATTCCGATGCGCGTATG
da1fe3bf-2bbe-4597-af82-4da789578613,,,CCTCATTGTACAACGAAC,,
15459a09-48c3-4198-ac2a-20b6ac5197ce,,,CATTGTACTAAAGCAACA,ACGCGAGCCATGTAGTCGATTCCGATGCGCGCGT,ACGCGAGCCATGTAGTCGATTCCGATGCGCGCGT
12497e1f-648e-4daf-854e-44cebfa9f558,,TGGCGGTATAACCTGTTC,TACCGAACCGTACTAACT,ACGCGAGCCATGTAGTCGATTCCGATGCGCGCGT,ACGCGAGCCATGTAGTCGATTCCGATGCGCGCGT
7832ae79-a924-4667-8cd6-a3e87d66b6ad,,GATTGTAATACGTTATTA,CGCCAGTGTAGAACGTCC,CGCGAGCCATGTAAGGTCGATTCCGATGCGCGCG,CGCGAGCCATGTAAGGTCGATTCCGATGCGCGCG
f3b6c6c0-a94e-418a-80ec-8179990077c0,,,CACCAGTATACCTTGATC,,
fd691000-d5a1-4042-91b8-3c4bdb7c1cdf,,GAATATCGTAGGTTGGGT,TCGTGGTCTATTATGTTC,ACGCGAGCCGCGTAGTCGATTCCGATGCGCGCGT,ACGCGAGCCATGTAGTCGATTCCGATGCGCGCGT
2f9a5c2d-7e15-4e9e-908a-5455ec2d9218,,TTGTATCACATTTTATCG,,ACGCGAGCCATGTAGTCGATTCCGATGCGCGCGT,ACGCGAGCCATGTAGTCGATTCCGATGCGCGCGT
c302b126-a604-4de3-9506-dcc3b5ead6ca,,,,ACGCGAGCCATGTAGTCGATTCCGATGCGCGCGT,ACGCGAGCCATGTAGTCGATTCCGATGCGCGCGT
21de6fe3-6132-456a-83dd-4a3a9de6452b,,,,ACGCGAGCCATGTAGTCGGATCTGATGCGCGCGT,ACGCGAGCCATGTAGTCGATTCCGATGCGCGCGT
382b8a20-a436-4b0a-b69b-fd3b5e8cf7ad,,TACCGGTGACACATCGGG,,,
78dc7cc9-f820-4790-8119-3a885a0ef445,,,,ACGCGAGCCATGCAGTCGATTCCGATGCGCGCGT,ACGCGAGCCATGTAGTCGATTCCGATGCGCGCGT
e2e7579e-0052-4a63-bd03-77b41ddb5bb8,,,ATTTACGACAAACTACAC,ACGCGAGCCATGTAGTCGATTCCGATGCGCGCGT,ACGCGAGCCATGTAGTCGATTCCGATGCGCGCGT
7706cfe6-0d51-4c15-a14b-651cfbb42100,,,ACCCAGTCTACGTTAGCG,,
a6cea355-5b7e-4d00-bb66-e58580410881,,,ATGCACCGCACGACGTCC,ACGCGAGCCATGTAGTCGATTCTGATGCGCGCGT,ACGCGAGCCATGTAGTCGATTCCGATGCGCGCGT
48a02463-d6c9-4a32-ad5c-7bd70c16196b,,,,ACGCGAGCCATGTAGTCGATTCCGATGCGCGCGT,ACGCGAGCCATGTAGTCGATTCCGATGCGCGCGT
a6e21619-2dd6-4589-992f-7a10e5716bfc,,,AGACGACTTAAGACAACT,ACGCAGGCCATGTAGTCGATTCCGATGCGCGCGT,ACGCGAGCCATGTAGTCGATTCCGATGCGCGCGT
560916ff-6130-458c-b6d4-1a16179518e4,,TTACCAGGACATGGTGAG,,ACGCGAGCCATGTGATCGATTTCGTGCGCGCGTA,ACGCGAGCCATGTGATCGATTTCGTGCGCGCGTA
4829141b-17a0-4a40-8386-56c4db0f6244,,,TAGTAGCGTACACCAATG,,
85d98b3a-e0f1-4cd8-8e83-825166a495bb,,,CACTATCACACAATAGAT,,
928b7f6a-5fc6-4e52-96b5-b7af61fd5c47,,,CTCTGGCTTGTGATGACT,ACGCGAGCCATGTAGTCGATTCCGATGCGCGCGT,ACGCGAGCCATGTAGTCGATTCCGATGCGCGCGT
999c9747-4b4b-4b3f-8600-0c69d66bd74d,,TTGCACAGTAGTGTAAAG,,,
49d5ca7a-2474-40e8-b7c0-e1f29ed7bd10,,,ATCCGAGATGCAACACCG,,
76a42646-41ef-486d-8a2d-75f5f07f360b,,AGATGTATTAGGTCATCT,AACTAAACTATTCAGCAG,ACGCGAGCCATGCGATCTGGTCCGATGCGCGCGT,ACGCGAGCCATGCGATCTGGTCCGATGCGCGCGT
601f4c62-e998-4404-82f8-249309dd67d4,,,,ACGCGAGCCATGCGATCTGGTCCGATGCGCGCGT,ACGCGAGCCATGCGATCTGGTCCGATGCGCGCGT
a2f8b4ce-e1e2-4401-866d-9657058df053,,,,ACGCGAGCCATGCGATCTGGGCCGATGCGCGCGT,ACGCGAGCCATGCGATCTGGTCCGATGCGCGCGT
2f4139e1-841a-4f1c-be27-c7fc033e8beb,,,,ACGCGAGCCATGCGATCTGGTCCGATGCGCGCGT,ACGCGAGCCATGCGATCTGGTCCGATGCGCGCGT
6be15682-6da1-4f55-9c92-e765dda07d89,,,GTGCACCATAACATACCG,ACGCGAGCCATGCGATCTGGTCCGATGCGCGCGT,ACGCGAGCCATGCGATCTGGTCCGATGCGCGCGT
4a16968f-a184-4026-9e67-d2936024ee63,,TTCCACCGCGTAGTAGGC,,,
141e144a-a35d-4e67-85da-d46b4ae388b7,,,CAACACCGCAGCTCAGTA,GCCCGCGAGCCATGCGATCTGGTCCGATGCGCGT,GCCCGCGAGCCATGCGATCTGGTCCGATGCGCGT
2665dc7e-dd38-407e-8aa9-f77a545559d9,,CTGCGGTCTGTCGTATCG,,,
db3ed4de-2893-49ff-bbe6-93a3959f50ac,,,,ACGCGAGCCATGCGATCTGGTCCGATGCGCGCGT,ACGCGAGCCATGCGATCTGGTCCGATGCGCGCGT
658fb5df-36b4-4b6b-8f20-d507affcc93b,,,,ACGCGAGCCATGCGATCTGGTCCGATGCGCGCGT,ACGCGAGCCATGCGATCTGGTCCGATGCGCGCGT
f6fd4e1a-6b2f-43a5-b5cf-c8dd40def436,,,,ACGCGAGCCATGCGATCTGGTCCGATAGCATGAC,ACGCGAGCCATGCGATCTGGTCCGATAGCATGAC
7aab087a-c39b-4301-857f-e59f8be00111,,GAGTGCCCTACGTTGCTG,,ACGCGAGCCATGCGATCTGGTCCGATGCGCGCGT,ACGCGAGCCATGCGATCTGGTCCGATGCGCGCGT
093fc2e8-5467-463a-b69b-2c4cef20de6b,,,,ACGCGAGCCATGCGATCTGGTCCGTGCGCGCGTA,ACGCGAGCCATGCGATCTGGTCCGTGCGCGCGTA
8a5afc6a-e22d-4de4-80e2-d301fab62d85,,ACGAAACGAACTAGAAAT,,CGCCTGACCATGCGATCTGGTCCGATGCGCGCGT,CGCCTGACCATGCGATCTGGTCCGATGCGCGCGT
08fb2669-a3cb-4be0-ba1c-6c97aedcce82,,GCTTGGGTATGGGCCGCC,,ACGCGAGCCATGCGATCTGGTCCGATGCGCGCGT,ACGCGAGCCATGCGATCTGGTCCGATGCGCGCGT
76a3c3c6-68d8-43d9-a325-79690fde30f7,,GACTAATATAGCGCGACC,,,
e65c1127-808c-4a57-8a43-c1661bab9836,,TCTCGTAGCAAGCTAATG,,ACGCGAGCCATGCGATCTAGTCCGATGCGCGCGT,ACGCGAGCCATGCGATCTGGTCCGATGCGCGCGT
a8824e99-a8ce-4ce3-bdd0-b4132faa1ea3,,GGTCATTGTGTAGCATGG,,,
e78fe3b2-3692-42bc-bc3b-c3a41daff090,,ATTCACTGTACTACGCAC,ATACAAGGCAGGTCAAAT,,
4fd6a08c-0a97-4773-b995-251af6a1c1f6,,,GGCTATATTATCCTACAA,,
7cf69155-42d7-4b64-a1e8-a72f4ee68f5d,,,CAGTATTGTAACATGCCC,ACGCGAGCCATGCGATCTGGTCCGATGCGCGCGT,ACGCGAGCCATGCGATCTGGTCCGATGCGCGCGT
d57011f4-515f-44a5-93bc-dac9c10983f9,,,TTCGAATCATCCCGGTAG,GACGCGAGCCATGCGATCTGGTCCGATGCGCGCG,GACGCGAGCCATGCGATCTGGTCCGATGCGCGCG
f94f2b9c-cc5a-4a95-ae91-09ca16508399,,GTTCACGCTGTGTTACGG,,ACGCGAGCCAAAGATCTGGTCCGATGCGCGCGTA,ACGCGAGCCAAAGATCTGGTCCGATGCGCGCGTA
9489271a-c308-41fe-a788-100587920493,,CAATACTGTGGCCTATAC,TAGTGACCTGTAATACTA,,
43abccf8-ea1d-4995-805f-8614291e667b,,AAGTGTTTTAAGACAGAG,,CGCGAGCCATGCGATCTGGTCCGATGCGCACGCG,CGCGAGCCATGCGATCTGGTCCGATGCGCACGCG
fbfb55ec-b5f7-4c3a-817c-077508efa22b,,,TTTGAAACGCTTCACACT,ACGCGAGCCATGCGATCTGGTCCGATGGTATGTA,ACGCGAGCCATGCGATCTGGTCCGATGGTATGTA
fff09f74-85f1-4a91-b2e8-aa08ae904488,,,,ACGCGAGCCATGTAAATTATCTCGATGCGCGCGT,ACGCGAGCCATGTAAATTATCTCGATGCGCGCGT
9d9fc442-fd2b-43a0-9bc7-4309e853101d,,,AATAAACCCGCTGTGGTA,ACGCGAGCCATGTAGTCGATTCCGATGCGCGCGT,ACGCGAGCCATGTAGTCGATTCCGATGCGCGCGT
d209f341-9e42-424d-92eb-2f790261f67f,,ATTATTTTATTTCGGTAA,ACGTGAAACACCTCGTTC,ACGCGAGCCATGGCTCTCTAATCGATGCGCGCGT,ACGCGAGCCATGGCTCTCTAATCGATGCGCGCGT
277f2229-62a9-4219-9550-d1944e98b971,,,CCCGTCTCATGTTGATCG,ACGCGCGCATCGCAGGATCTAGCATGTTCGCGTA,ACGCGCGCATCGCAGGATCTAGCATGTTCGCGTA
2d5d8448-c7b7-42f0-88bf-781ee5ad57ae,,,,ACGCGAGCCATGGTCGATAAACCGATGCGCGCGT,ACGCGAGCCATGGTCGATAAACCGATGCGCGCGT
65ce61f8-d16a-4d0a-8ed3-50a0e3825b6a,,,,ACGCGCGCATCGGTACGGGGGGTCATGGCTCGCG,ACGCGCGCATCGGTACGGGGGGTCATGGCTCGCG
2a56494d-9d47-4037-a06d-106e01ec4ae8,,,CCACAGCTCAACACATTC,,
b19ffd40-3741-42c3-a404-1cfdd7f9adb9,,,GATTGGTCTACCCCAACA,,
ecb7af4b-4982-4e27-9846-97ed1c33f749,,,GCCCATTCTGTCCCGAGC,ACGCGAGCCATGTAGTCGATTCCGATGCGCGCGT,ACGCGAGCCATGTAGTCGATTCCGATGCGCGCGT
7562eb9d-4c62-4815-8e5f-c3de002a170a,,AGCTAACGTGTCTTAAGC,CCCTGATTGAAGCACTGG,,
7d30d746-b1c6-4749-9924-56b3be16b20d,,,TCGTACCATATTTCGCCT,ACGCGAGCCATGTAGTCGATTCCGATGCGCGCGT,ACGCGAGCCATGTAGTCGATTCCGATGCGCGCGT
c09e32f7-95de-4695-bd4e-97da443a19e9,,,TGTTGCGCTATAATAAGC,CGCGAGCCATGACTGATGGCCCGGATGCGCGGCG,CGCGAGCCATGACTGATGGCCCGGATGCGCGGCG
f382c50b-28ba-44ef-bf53-e5b1de563713,,,CTGTAAGATACCGTGGAC,ACGCGAGCCATGTAGTCGATTCCGATGCGCGCGT,ACGCGAGCCATGTAGTCGATTCCGATGCGCGCGT
df586f83-09af-4e89-b00c-5f88be0c0705,,,GTACACCGCATCCTGTAG,,
1a9f9e61-2829-4f40-8ef9-828756dfb964,,,TTGCGCAACATAATGGCA,ACGCGAGCCAATGTAGTCGATTCCGATGCGCGCG,ACGCGAGCCAAGGTAGTCGATTCCGATGCGCGCG
4f52e840-3b51-499f-973d-a4e61331d6e2,,,GATTACTATGGTGCGCAC,,
be04fb4f-38be-42a6-b4cf-23ba3e0be158,,,,ACGCGAGCCATGTCCGTCTGGGCGATGCGCGCGT,ACGCGAGCCATGTCCGTCTGGGCGATGCGCGCGT
d02f5b27-2367-496c-aba8-1f1cb11098ee,,,TGGTAAATTAAACCATAC,ACGCGAGCCATGTAGTCGATTCCGATGCGCGCGT,ACGCGAGCCATGTAGTCGATTCCGATGCGCGCGT
88fa5c84-0f6d-4820-aca7-b9e0c1bec45f,,,AACCAGTGTACCATGATA,ACGCGAGCCATGTAGTCGATTCCGGATGCGCGCG,ACGCGAGCCATGTAGTCGATTCCGGATGCGCGCG
4241f826-b00d-416c-8410-a445523d9723,,,CATAAGCCTATGCTACTA,,
ee09afac-dc19-4843-9041-82b44d2c2d10,,,TATACCGTGCAAGATGAC,,
f9be810c-65a0-4a63-a0e5-3144391a5134,,TAGTGAGATGAAATACAT,,CGCGAGCCATGGCTCTCTAATCGATGTGCGCGCG,CGCGAGCCATGCCTCTCTAATCGATGCGCGCGCG
1469bb74-e043-4297-b23d-adc2101b98f0,,,,ACGCGAGCCATGCGGGCGCGTCCGATGCGCGCGT,ACGCGAGCCATGCGGGCGCGTCCGATGCGCGCGT
720415c9-7505-490d-bf6b-9fbc76d33f6a,,TAACAGTATTATAAAGAA,AAACATTCTATCTTATTG,,
bab300b3-8af8-4ab4-a34f-d7f7bcd3c3c7,,,AGTTATCCTAGAATATCA,,
2b1f1899-22a6-4eb9-b8d2-74548dfcb439,,,ATATACCACGACTCAGTT,ACGCGAGCCATGGCTCTCTAATCGATGCGCGCGT,ACGCGAGCCATGGCTCTCTAATCGATGCGCGCGT
4bf5fbb6-2e13-4fba-b8d5-5369ea8f39f3,,,,CGCGAGCCATGGAAGGCCGATTCCGATGCGCGTG,CGCGAGCCATGGAAGGCCGATTCCGATGCGCGTG
c832c374-6906-4fbc-b4cc-83facc1cbf15,,,,AACGCAGCCATGTGGTCGATTCCGGTGCGCCATG,AACGCAGCCATGTGGTCGATTCCGGTGCGCCATG
2dcd2538-4563-4e85-ad7e-12079c0b19f2,,TGCGCAATAATACAGGCA,,,
23c6076f-0e71-4d2f-8fae-c6eeceba3c3c,,GAATGAGGCGGGCTGTAC,ACGCAGGTCGCTGCGCCA,ACGCGCGCAGTCGAATAGCTCGCATGGCTCGCGT,ACGCGCGCATCGGAATAGCTCGCATGGCTCGCGT
48fcec1b-449c-4f86-8c6a-40edc7e42162,,,TAGCAATACAGTACATCC,,
d09319df-0413-4f2c-8be2-edf390b184ab,,ACTTAACGTACTGTGGAG,ACGCGCACTATCTTATAA,ACGCGAGCCATGTCCGTCTGGGCGATGCGCGCGT,ACGCGAGCCATGTCCGTCTGGGCGATGCGCGCGT
8c5c2ad5-c931-4ec0-8853-b3e3562de6c7,,,GCGTATATGCCCCGTGGG,,
ed106da3-c6d3-4906-b133-2baf901a3439,,,CTTCGGCCCACGCTACCT,ACGCGAGCCATGTAGTCGATTCCGATGCGCGCGT,ACGCGAGCCATGTAGTCGATTCCGATGCGCGCGT
cb55560b-ab6d-4355-9678-f53367c4e757,,,,ACGCGAGCCATGTAGCCGATTCCGGATGCGCGCG,ACGCGAGCCATGTAGTCGATTCCGGATGCGCGCG
7d23a73e-4b42-4bb7-9461-3494a3de9264,,,CCCTAAACTATAACAGGA,,
edca0662-19b2-4282-a1de-e75b55a7d7c8,,AATTACTACAACGTGTAT,,,
f49d71c5-bb32-479f-a0e9-14beff51fc05,,,CCACACTGCATCACGACC,ACGCGCGCATCGTAGGATCTAGCATGGCTCGCGT,ACGCGCGCATCGTAGGATCTAGCATGGCTCGCGT
139821a7-c53c-429e-bbad-0445883ae215,,,GCGCAATATACCACGTTC,ACGCGAGCCAAGGTAGTCGATTCCGATGCGCGCG,ACGCGAGCCAAGGTAGTCGATTCCGATGCGCGCG
14eaf637-f535-49db-93b8-523d11aac7bc,,,,ACGCGAGCCATGTAGTCGATTCCGGATGCGCGCG,ACGCGAGCCATGTAGTCGATTCCGGATGCGCGCG
0f904150-801f-467b-9896-8eb4c4e5288b,,,AAGTGCTGCATAACAAAA,ACGCGAGCCATGTAGTCGATTCCGATGCGCGCGT,ACGCGAGCCATGTAGTCGATTCCGATGCGCGCGT
6b8fa3cb-2e71-4bce-b30f-7d6fd7b037f8,,,,CGCGCAGCATCGGTACCGGGGTCATGGCTCGCGT,CGCGCAGCATCGGTACCGGGGTCATGGCTCGCGT
f558629c-dcd5-41af-bded-9ff9f041a214,,,ACGCGGGACATCAAGTAT,ACGCGAGCCATGTAGTCGATTCCGATGCGCGCGT,ACGCGAGCCATGTAGTCGATTCCGATGCGCGCGT
c78aa36e-c57e-4056-9858-77f746e96cf1,,,CCACGCTACGGCATGCGA,ACGCGAGCCATGTAGTCGATTCCGATGCGCGCGT,ACGCGAGCCATGTAGTCGATTCCGATGCGCGCGT
ea9e7478-8c86-4e3e-ba1c-ab5ca855cf06,,ACGCGGGATGGCGGTAAA,GCATAACGCATGTTGGGA,ACGCGAGCCATGTGCGCGTATCCGATGCGCGCGT,ACGCGAGCCATGTGCGCGTATCCGATGCGCGCGT
0b7a6967-0218-4be7-8cca-2cb0e009390f,,,TAATGCCACGAGCCAATT,,
b1ebf4ba-18d0-4b45-81f4-e0ec7a19a2ef,,,GACCAATCCATAATACCG,ACGCGAGCCATGTAGTCGATTCCGATGCGCGCGT,ACGCGAGCCATGTAGTCGATTCCGATGCGCGCGT
f0430220-6844-4343-ba42-3b2e86f94734,,TGGTGAGACGCTTCAGTT,CCTTGCGTTATCCTGCGC,,
0b5dac75-1e7b-4111-b06d-67f2e5325de9,,,ACTTGTAACAGATTGAAT,,
6f4af7aa-c6ff-4ea0-be92-5db0b325959f,,,,ACGCGAGCCATGTAGTCGATTCCGATGCGCGCGT,ACGCGAGCCATGTAGTCGATTCCGATGCGCGCGT
9d72bd2a-b075-4cfe-9640-2dddcdced42a,,,,ACGCGAGCCATGGTCGATAAACCGATGCGCGCGT,ACGCGAGCCATGGTCGATAAACCGATGCGCGCGT
a21ee912-611f-4d03-91f4-c8f7a0476aa1,,,,ACGCGAGCTAAGGTAGTCGATTCCGATGCGCGCG,ACGCGAGCCAAGGTAGTCGATTCCGATGCGCGCG
5240504a-df96-4ba7-8f75-10575b74d696,,,,CGCGAGCCATGCCTCTCTAATCGATGCGCGCGCG,CGCGAGCCATGCCTCTCTAATCGATGCGCGCGCG
778a76c7-8eb4-459e-8f24-106d6c34095e,,,,ACGCGAGCCATGTAGTCGATTCCGATGCGCGCGT,ACGCGAGCCATGTAGTCGATTCCGATGCGCGCGT
57f9c731-2ab1-446b-b1ad-96980b0c97b3,,,ACACATATCGCATCGACA,ACGCGAGCCATGTAGTCGATTCCGATGCGCGCGT,ACGCGAGCCATGTAGTCGATTCCGATGCGCGCGT
cbea226e-95b2-44d5-81ee-345f08eb66b4,,AATCGACTTATGATGCTG,GCTTGTATTGCACTAACT,ACGCGAGTCATGTGGCTCTTTTCGATGCGCGCGT,ACGCGAGTCATGTGGCTCTTTTCGATGCGCGCGT
1235e58a-0d04-40d2-a159-24a4b020a93e,,,ACACGGGTCGACTTAATT,,
b12f698d-048d-448a-a100-26c96e9a1c52,,,CCCCAGTATGGCATGCAC,,
095a3162-7c3f-444d-9307-f89e8d0c44f2,,,,CGCGAGCCATGGTCGATAAACCGATGCGCGCGTA,CGCGAGCCATGGTCGATAAACCGATGCGCGCGTA
a5ffa13c-73cc-46b0-b3aa-f0ca016d2276,,,CGGTGGTATAGATTAAAC,,
9ad2a42f-8247-4d78-b6f2-bea8214fa355,,,CACCAAGATGTAGTGAAA,,
a2c69d2b-b81a-4df7-b6a8-2f99c7329e31,,,,ACGCGAGCCATGTAGTCGATTCCGATGCGCGCGT,ACGCGAGCCATGTAGTCGATTCCGATGCGCGCGT
53bda16d-2a78-489f-a718-45e6a0dac186,,,GTTAGACTACACCACTCC,,
e2bce104-c8a3-4cb3-96df-23c8c0a77e7c,,,GCATAGACCACACTAAAA,ACGCGAGCCATGTAGTCGATTCCGATGCGCGCGT,ACGCGAGCCATGTAGTCGATTCCGATGCGCGCGT
eaea081d-d5f4-47c3-a2f2-641ed8778ebb,,,,CGCGAGCCATGTAGTCGATTCGGGATGCGCGCGT,CGCGAGCCATGTAGTCGATTCGGGATGCGCGCGT
3eca8a55-b866-4117-80ae-51c999ee74e8,,,AGGCATCGCAGCATAGAA,ACGCGAGCCATGGTCGATAAACCGATGCGCGCGT,ACGCGAGCCATGGTCGATAAACCGATGCGCGCGT
84eace3d-e6c7-43c1-8a11-4955f7b7328f,,,,ACGCGAGCCATGTAGTCGATTCCGATGCGCGCGT,ACGCGAGCCATGTAGTCGATTCCGATGCGCGCGT
2451f96f-dda5-4218-9394-bc5d46e18795,,,,CGCTGAGCCATGTAGTCGATTCCAGATGCGTGTA,CGCTGAGCCATGTAGTCGATTCCAGATGCGTGTA
6f3aaedf-0d9b-43ed-8117-60506d7cccc2,,,AGATACAATAAATTATTA,ACGCGAGCCATGTAGTCGATTCCGATGCGCGCGT,ACGCGAGCCATGTAGTCGATTCCGATGCGCGCGT
a45b8d2a-3976-4902-a31d-7ea36d62548f,,,,ACGCGAGCCATGTAGTCGATTCCGATGCGCGCGT,ACGCGAGCCATGTAGTCGATTCCGATGCGCGCGT
113ecad6-603b-4d2c-9b69-ef88b5c245db,,,TACTGTAATAAAACGCCT,,
1da8f9e4-b920-4c82-971d-c6cfaa185001,,,ACTTGTAGTATCTCGATC,,
6013bd9b-56cd-408b-b410-8c9ed38c7d09,,,TGATAAGACGTGCCAAGC,,
de8923c6-915f-4035-bf04-e9a6986d280c,,,GCTCACAACATACCGGGG,,
c4cea691-6103-4297-b6a1-2a19975c7823,,GGCTAAGTTAGAACAATG,GTTTAGAACAGACCACCC,,
6dfd65bf-9ff3-4075-913e-34cd1dcba132,,,TGACACCCCATCACGATA,,
27e8e202-4159-43c6-8939-124eb3333bc6,,,ACTTAAAATACGGCGCTT,,
6352979e-fd90-47f5-add5-329a43d14a4f,,,AGACACTACAATGTGGGA,,
bfe89d6e-4091-4ad7-b85a-5d71ca0fac91,,,TCCCGACCCAAGTTATTA,,
ece335eb-994b-4521-b4cb-ab97acc5fe63,,TCGCAGATCAGCGTGCGA,AAGCATGGTGCTATAGCG,,
2f7c80ad-98ae-4fe2-99d2-d819910110bb,,,TATCGTCATACCACATAT,,
c2b0925f-bf15-4a58-8349-92bb6accf662,,,AACCACTGTGCCCCACAC,,
98cc9b6c-eb60-4a98-9950-b065c629442e,,,ATATGAACCATAACACTC,,
732ab74c-0932-47cd-8555-fdf060938df0,,GTTTGAGTTAGGCCGTAT,TGTCTACCGCGCGCTAAC,,
e659c510-6c26-4d1d-aa5c-8f13348ed491,,,CTCTGTGGCATGCCAGAT,,
1732c8be-ebf0-4e96-8576-4ee6270aec5e,,,TCACATATTAGTCCATGT,,
3d885174-dd02-4d1d-a96d-c7f3bebc61c7,,,ATGAAGCCGTATTAAGGG,,
26d671a0-f2d9-4069-ae0c-9e135bff70f1,,,CATTGGTAATGATGCGCC,,
a6400ff5-ba31-4e3f-9d27-7ecc42231597,,TGCCATGGTATGTCGTGG,TCGTGAGTCATATTGCGG,,
59b1a306-bac6-4818-a4a0-2a8b5321bafb,,,GCCCGATTCATTGGTGTT,,
99b9b01f-921c-4233-ab3d-92e8f6fcef35,,,GGCTAGAGTATCGCACAA,,
2a5c0dd4-1685-437d-9e06-d64efde8c1f5,,TATTGAATTAATCGTACA,,,
693269e4-0664-45c8-b33a-bf32acb57245,,GGTTTACTCAGGTCGATC,,,
a7321214-e344-47c4-b492-2b80a836a7f0,,,TCTTGCACCAAACCAGTT,,
ffb2032e-8f7e-460c-910a-f6257618788e,,,GGCTAACTTAGGTCGTTC,,
95de7355-daae-4e2d-93c0-97118568d9be,,TAGTGCGCTGTAGTATCA,,,
ecc063a1-7051-42cb-bc0b-ee121708330a,,AAACATATTCAGACTATG,CCATACCATAACGCGAAG,,
078f3bd7-e658-4bb6-bb24-ab59827aa120,,,GGTTAAGGCGGTTCGATT,,
29484f64-2526-4a8c-a7e9-bd1d2f141f55,,TATCAGCCCGCTGTATGC,GTTCGCTGCATCTCGCAT,,
e3597fe6-2c94-492f-8a25-ad51b2b2786b,,,CTATACTATGTGCTAAGA,,
85313cef-da67-4f76-a5f2-90c2b6510d0b,,CGTTGTTGCGGTGTAATG,TTACAACTCAAGTCATAA,,
91b9b81a-5c72-49aa-a2a5-db2f51034338,,,TTTCGCCCCAGCTCATAG,,
861818e4-148b-44c4-8e75-33d68566dacb,,TGTTAGATGCGATATCGA,,,
36f1e5bf-d59d-41b8-975b-dbac3f4c845b,,TTGTAAGCCAACGCGACT,,,
dd269425-1b5d-4c37-bc97-fcb8c973cd86,,,CTCCGTCTCGAAGCACGC,,
8cf27db7-3dd3-443f-be6b-969314bfcbe0,,GATCGTTATAAATTGTCC,,,
ae3b596b-c697-4a54-b642-44f73f378891,,,CAATAATTCATCGTACTC,,
dc1c959f-6844-4a84-b924-581114b2a39d,,AAACGGGTCACTACGTTC,,,
c986742c-08a1-4b36-b528-cb71ab40b257,,GTGCGGGACAGAGTATAA,CAGCAAAGTGTAACAACC,,
02597f4f-1f92-427e-9fe8-1f83307c258e,,,GGCCGGAACAATGCGAGG,,
2bcd2682-9ff5-4342-860b-c84bdb4021e6,,TACCGGGCTGCAGCGCTT,CGATATGTCACTATACGG,,
67200342-702a-40ba-839a-b248c0d89a9c,,GCGCGTTTTATAACACTG,GGGCAAGGTGAAACAAGT,,
6fa4dfe1-2314-48bf-811f-32850a78d170,,,TTCCGATATAGAATAACC,,
dbdbdfb0-a8ef-4722-90a5-59474232431d,,,CCCTAGGATGTGCCGTAC,,
aed32d73-a593-4073-9c75-a627914fee94,,GTGCGGCTCACCGCACTA,,,
173701cc-8647-4b2e-9700-c1bed046262a,,GCACGAGCCGATGCGTAC,,,
97ec523f-4e05-4292-93a3-f45c694cb0f9,,TTCCGTGACACACTAAGT,TACTATCCCAATCTGCCG,,
32235c88-bc75-414e-8753-d19886f63bf9,,AGGTAAAGTATTCTGGTG,CTTTTAACCTGAAGTATC,,
99e8fac8-b079-4c55-a51b-6f07ff5e4f36,,TTCTGGGCTGACTTGCAG,CACCGTTCCACAACGCCT,,
e8fda8bf-aa4b-4413-a988-feb852d26db4,,CGTTGTGTTACCTCAATA,,,
d36b2c8d-164d-4e8c-a86c-0c5f90d40209,,CACTGGAGCGTGGTAGTC,,,
49d4a13f-be34-41c5-aed4-69ef19974abc,,GCATGCGTCGTGCCAGGT,CCGTGGCGCGTTCTATTG,,
dfb07d47-e237-4cb0-9c12-cee6a9fa19f3,,,TATCAGTACAAATTACAA,,
2f2921fd-ac0e-4eba-b186-c1748eccc048,,TTGTAACATGTTATATAT,CAATACACTGACGTGTAA,,
2a011415-16d5-45c1-89c6-d49e38026c1a,,GGCCATGTCTCACCGTGG,TCGCGCAACGTCCCACTC,,
0b225339-2e85-4dea-8321-a3f1ce36a992,,AGGTAATACGCGACAACA,TGTCGTCCCACCTCACTG,,
ae411a45-9181-489c-b00d-86d569a49afd,,GACTGTAACAGGATGGGT,,,
1de6a7dd-1d3b-4c2d-a236-a472c3892d0f,,,CGATAATACGACATAGTT,,
7b9cd224-99e8-4feb-b9d3-34aed38ec3a1,,ATACGGAGCATCCCGATA,GCGTGAATTATGTCGTAA,,
bb728c1a-0a30-46a3-8c34-cab623264829,,TAGTATGGCGGACCGGTC,GATTGGACTTATCTGCTC,,
cadc86d9-10e0-4830-86ea-51c34e887bfd,,,CTACATTCCAATATGGCC,,
4534475c-e3e2-482b-95aa-13e6669ecfd1,,TGTCGCGACACCTTTGAA,GGTTACAGTGCCTTGAAT,,
0860b952-d48a-4201-815e-af3f31b8206c,,TATACTGTACCTTGACTA,,,
045e443b-f3d9-48d6-9615-9d16038cc52f,,,TTATGCTCTGACTTGCCC,,
4ffb8df8-c14f-49dd-8cb4-66f1053a855a,,TCACGTATTGATGCGGGT,CCTCAACATACACTATGA,,
d2867eaf-5b63-4e95-a6b8-a2caf6562678,,,AGATGGGTTACAACAATT,,
543a2625-217f-4cf5-81ae-fb32feaa5c68,,TTATATGGTAATATGGGT,,,
61171707-df7e-4cd0-8fdb-d2c75122aebf,,CGGTAATCTAGAATACGG,TCGTGGCGTGGCATGACA,,
72527b82-4e69-4103-8b76-190b581c5113,,CGATGCTGGCGCGGTAGC,CTGCAACCTGCGGCGCAG,,
b23aa18f-c94a-4475-aedb-b4371cc36b3a,,ACACACACCAGAATAGCG,,,
7337c002-8dc0-4e69-92bb-6db8dd11a276,,TAGTGGAATGATTCGGGC,CCTCACAGCAACCTGTCG,,
9e467c89-6435-4d96-87ec-f7cb06e63ae8,,AGATACGTTGGTATATCG,CCTCATCGCATAACACGC,,
55793f6b-20b4-4efb-8025-7108065cfc65,,,GTCTGTTATAACACACAT,,
55be7b4c-1998-4bb8-8bdd-7a1f25d26bcc,,TCGTAACTTAGCTTGATA,TGGTGGTTCAAGATATTT,,
71853db7-9073-4ace-b76b-1b903ae14d22,,,CCGCGTTTCATTATGAAA,,
aec1dae5-c862-4346-9ca1-f78f7aa9b521,,GTGCGGGGCGTCTTGGGC,,,
84325444-8e83-4c66-912f-f7c48337844c,,CTTCAGCGCATATCAGTG,ATTTAGCACATGACAGCG,,
61452d58-bc5c-4d98-bb4f-590661dbb9d0,,GGTCGCCCTATGGTAGGC,GAATAAACTAACATGGGC,,
41f99da3-b6d0-4780-88c9-fe54820ca068,,TAACGAGATAATGTGTTT,,,
a3aeb5bc-9d2f-4c75-8d85-1d6f1c704226,,ACCCAGCGCAGGGCATAT,,,
4a9a0f42-a0ad-4e01-b228-c27ab70e2fbb,,TAAATGGGTTAACCTAAG,,,
008da206-454d-4838-9e9e-2386b92e00f7,,TACCGGGGGTGCCCTATG,ACACAAGGCGACCTATGC,,
5ab5b9b1-2cf5-494a-9103-65ecf1511a5d,,TGTTGATCCAGTATAACG,,,
95c4ee49-744b-4a98-819e-63586c8de58c,,GCTCATTATGGGCTGTGG,AGGCGGCACGAATCGTGC,,
a15fc79d-c8c3-438a-a604-92d6bd8dfba8,,GCTCGGACTGATATGAGC,,,
55af0b94-88d3-4d61-8ce9-b7ad9198c28f,,GGTCACGGTATAGTGGGC,,,
7603a74f-cd6f-4cc5-aeec-5db648c1c316,,GCCAGACTGGGAATTGCG,,,
52e7cdcf-6db0-4679-a512-1d5985acb414,,GCTCGTGCCGGTTTACAT,TACCGAGACGAGATGACC,,
19d3deb5-ea31-4af3-bc10-b89d220ba037,,ATATTCAGATAAACCGTG,,,
c5737c74-2726-49e2-917b-2230ec74d7b4,,GAATAGAGCGATCTAGTT,,,
dcd12a7f-5537-47e9-9ce2-168eab942616,,GTTTGTCGCAAGATAACA,,,
cc630fa7-5941-4c28-8cb1-2392acfbb97c,,ATACGCAGCGGCATAACA,CCTTGGGATGGTATGCCG,,
6e0faead-96de-44a8-9298-abcdbb613d5d,,CCTTAAGGTGGTGCGTCG,GTTCGACGTGATCCGCAT,,
5fcccf72-60f8-4f46-b602-acbea738d42a,,GATTAGTGTGTGTCGCGG,,,
ff3983e8-d5e1-49bc-9623-6e13fca2a9ca,,GTATAAGTTATGTTGCTA,,,
399f2b6e-2cd1-434b-b788-e9cd825477be,,TGGTGTGATAAAATGACT,,,
a66c67bf-5f37-468d-8592-667c549ae6bc,,,CATTGGCTCAAGTTAACA,,
3401ef12-38ec-41f1-9e40-8ed8748e0211,,TCTTAATGTGGATCGTTA,,,
99d53c35-fd70-45f9-8d22-226350f45776,,AGATGCGGTGCAGCGTGT,,,
0c2dce83-7a76-4078-8fdb-f9f7595afacb,,CTTCGTTCTGTTGTAGCC,,,
811a2f9e-a77d-4927-b411-bff3e4e438be,,TCCCTGGTTTGGGGCGCC,,,
01e701a7-0e05-4900-9ad9-2f05ab058022,,GAACAGGTCAGGCGTCCA,,,
99ba11a1-9de0-4144-baff-d51b822c8619,,GTGTGTGACGGAGTGTTG,,,
a5116c8a-c39c-4168-8d58-b2bcd87074f1,,GCCCGTGCTGGAATGTTG,CTCTGTTTTGAGGTACCG,,
2fe7735a-52c0-436d-aec1-6cab370e4773,,CCTCGCGGTAAGTTACGT,,,
a87456f3-e408-4202-aa94-571487bed18a,,TCGTGGGCCAGCCTGGGT,,,
39af2aca-b499-470a-abbd-49d33de5af9f,,CTTTATCTTGGTATGTTT,CCATACACTAATCCATCA,,
0227f467-9077-4bcf-9e53-50c6c4672855,,ACCCAAGTCAGGTCATGG,,,
dfea330b-009e-4bce-8039-3a71e956cc4c,,GCATGCCCGTTTCAGATA,,,
cd2d3b09-d5e4-4b1e-8aee-71bfb2f83fa6,,CGCCGACATACCCTATCT,TTGCATTGTGGCACATGA,,
9b5876b4-f748-4473-9446-ce73aaf05011,,TGCCATGCCATTGTGCCA,,,
e57442cd-82ba-4d2d-a25c-474b64739799,,TTTTACTTCAGTTTAGGC,,,
35ebcedf-13b7-4ee6-b941-933f14c958e5,,,CTCCGAACTGTCGCACAT,,
c9ac1bd8-e82d-42bc-80b0-adc39041ee07,,ATGTGACACGGGCTATTG,,,
387c8212-131a-4466-b088-da024d9c19e8,,AGGTGTGGTGTTATAGTA,CATTGCGTCGTTACGAAA,,
018fc70d-1bf8-4ed5-8f62-0ccdbf94cdfd,,CAGTGCTCTAGGGGCAAT,,,
7b2c24b0-1577-47b6-b7d4-ab1a3051fdb9,,AGTCGAGCCGCTCTGTGA,,,
57358236-c5b5-4fbb-a6ca-ae626cfe14cc,,CGACAAATTGTAATGTGC,,,
283f342c-f6b1-479f-a6bb-22c3244d6575,,TATTGATGTGTGCTGATG,,,
930285f9-5d9c-45dd-8c6d-92725179befb,,CCGTGAGTCGCTATATTC,CATTGAAATGACGTATCC,,
84740e40-04da-49ca-804d-f7d561a00abb,,TGTCGTGACGGTCTGCAT,,,
e9921bb7-4a7d-49af-9968-84b1034bc1cc,,,TTACGAATTGACGTATCG,,
0469a06e-d2c1-4586-b19f-d20c3596eafd,,TGCCACAATGTGTTAATA,GCCCAAACCGCATTGCCG,,
c723c6f4-92de-4d98-b1e3-4fad027a1ce0,,AGTCAAAGCACCTCGGGG,,,
bbf86183-53ec-474f-ab66-d64da752ca21,,CGGCACTATAGCGTGATC,CACTACGGTAGCCTATTG,,
46b383f3-f880-4271-a557-5e0f05cb4892,,GCACAGATCGCGGCAGGG,,,
7d14819c-bcf9-4c1d-a972-5fb37ee5d752,,AGCACGTTTGATGTGCTG,,,
8c1408eb-71f9-4394-8dea-377daca3b9d0,,CAGTGCGATGTGGCGTAA,,,
8e539f00-4da6-427c-8e04-c3b3bc3f583d,,CATTGCCACGTAATGGGG,,,
49c285fb-9fd5-42e3-9d58-bc6bf42a947c,,GATCAGTGTGTTGCGACG,,,
a1e7565a-db52-41d0-8b3f-1033320c6cbc,,,ATACAAATTATCGCAATT,,
c0ac45af-66b7-48b6-9046-22b383a96c55,,,TACTGTACCGCAGCGACT,,
0cfa5812-5702-42a9-8fd9-687aa9c4fae9,,AAACAGATTAGCATGAAG,,,
4a4e0bdb-df11-4aa1-b55c-3800bea34c3b,,TTGCTACTATGAGATAGC,,,
a527602a-0650-4383-b008-3400670c770f,,GTCCGGCACGCTCCGAGT,,,
71151c32-e60e-4b88-bd49-8c589f7ba8e9,,ATCTGAATCGACTCATGG,,,
e3ea9c63-d7cd-4b13-ac32-ea89d01b0e9c,,ATATACGTTATCACACAG,,,
7f0a5126-45ab-4217-8246-a7d09e9bdfdc,,CGGCAAGACATTACGCGT,,,
62ac26c7-a7d7-49c0-a364-da27ec87dfa0,,ACTTAATATGGGGTATTT,,,
bf8dde53-89be-491e-938e-aa23dc5fa52e,,AGATAGATTGTCGCGATG,,,
f0bcfbb1-069b-4998-9afb-caff0847fc47,,,GAATACTGTGAAATAAGC,,
9e53056d-1464-4493-bcbe-516f1e5cdc98,,TGGCGGCGTGATTTTACA,TTGTGCGCTAGTCTATGC,,
d86111bb-4bad-41d6-818a-53f1e0be4282,,AGGTACTATGCTGCGGGG,,,
43928770-5ab1-484d-b484-a9f56dc09ca0,,GTTTGCACTGCCGTGCGT,,,
1d62d519-2ca0-478a-b2a7-0746f7d59b13,,,TAATACGGTATGCTGGAC,,
46126f75-10ef-4516-b349-71b3a13da762,,ATCTAAGGTGGCGCAATG,,,
6a9ebfdf-7ca7-4917-86f3-75885e607929,,GAGTGTGACGGTGTAATA,,,
50e365ef-727c-41f4-99ff-3d765b85b43e,,TTGTACACTGCCGTAGTA,,,
b3a7502c-adf4-4810-9317-33fbada93b80,,,GGTCGCTGTGCCTTTGCG,,
80ecb40c-90cd-4ad6-914b-5d6cfa0d6e99,,GAGCTATATCATTCTAAC,,,
5d100731-ca24-4066-86ba-e1a70240a84c,,CTCTATTTCGATATGTTT,GTGCAACATAAGTCGTCT,,
10eb94db-ab38-4980-8eab-8431944098ff,,GGATGCACCACATCGGTG,,,
c12fe3c2-75a1-44a8-9c18-f5843d18e04c,,GTTTATAGCATCATGACC,CCGCCATGACGCGTGCAG,,
81f848af-cc6f-40c6-8ebb-7e3c4b27a1c8,,,ATGTGCGTTATCTTGCCA,,
d97a7e43-b2b4-4a41-bb46-14a8946dcde5,,ATTTGCGATACATTATTA,,,
f537609a-4245-4101-986e-e60cf5bba282,,AGACGGTGCGTCCCGCTT,ACCTTGATCCATTATATT,,
2f922b0c-934f-4ebf-aadf-e1d5ee441cb9,,,TTCTAAAATATACCATAG,,
c41c9f4a-66a2-4996-8393-a9c1d57c871a,,TAACGCTGTGATACGGGT,,,
5bf202cd-e7c4-460d-aacf-97b24b4f2b38,,TTATATCATGTGTTGTTT,,,
38079903-6667-4c52-a385-2c5e6c731fe7,,GATCATGTTGATGCGAGA,TCATAAAGCAAGGCGCAA,,
39024b3a-16f7-45f1-8092-a655d0c1a810,,CTGTGTGTCGGTCTATTG,,,
b9ec646b-c83a-4be9-8b51-564ed1328893,,ATCTATGAGACGTGCATA,,,
e919663d-8bd7-4c5f-bcb1-28ec241a5056,,GCTCGTTTTATTTTGTAG,,,
b3259d44-b9b8-483a-ad92-a73872cfe7e4,,TGATAAGGTAGAGTACTT,,,
8f2b7365-3d00-4465-a01f-2ffaa95522ac,,,GTCCAGTTCAACGCGATA,,
3413fa7c-07d0-49d2-9dda-6ccd36644f82,,TATTGGTGCAATATGAGG,,,
ca433d74-a0ef-467d-9bbb-d8714a226d67,,,CCGCACTGTACCTCAGAA,,
dd1672b6-ef1d-4b73-9d8a-915fa3166711,,TTTCCGCGTTGGGGCGGG,,,
