read_id,UMI_3prime,UMI_5prime,downstreamof_protospacer,protospacer
NS500301:150:HLJVKAFX7:2:11101:12863:1021,TCATGGAG,CCGGTTCA,GTTTAAGTACTCTGTGCTGGAAACAG,GTACAAGGGACTTTCCGAAA
NS500301:150:HLJVKAFX7:2:11101:21587:1041,GTTTGAAG,GAAGCGGA,GTTTAAGTACTCTGTGCTGGAAACAG,GTACAAGGGACTTTCCGAAA
NS500301:150:HLJVKAFX7:2:11101:23280:1050,GGCCTGAT,TTGACACA,GTTTAAGTACTCTGTGCTGGGTCGAG,GTACAAGGGACTTTCCGAAA
NS500301:150:HLJVKAFX7:2:11101:11036:1052,,GATTGGCC,GTTTAAGTACTCTGTGCTGGAAACAG,GTACAACGGACTATCCGAAA
NS500301:150:HLJVKAFX7:2:11101:6499:1052,TCTTTGAT,AATGGTGC,GTTTAAGTACTCTGTGCTGGAAACAG,GTACAAGGGACTTTCCGAAC
NS500301:150:HLJVKAFX7:2:11101:2444:1053,,GACAAGTT,,
NS500301:150:HLJVKAFX7:2:11101:13918:1055,,TGTATGAG,GTTTAAGTACTCTGTGCTGGAAACAG,GTACAAGGGACTTTCCGAAA
NS500301:150:HLJVKAFX7:2:11101:7248:1067,TCTTTCTT,AGGTACAG,GTTTAAGTACTCTGTGCTGGAAACAG,GTACAAGGGACTTTCCGAAA
NS500301:150:HLJVKAFX7:2:11101:11173:1069,TGAGCACC,CGCAATCA,,
NS500301:150:HLJVKAFX7:2:11101:10112:1070,,GCATCGTC,GTTTAAGTACTCTGTGCTGGAAACAG,GTACAAGGCACTTACCGAAA
NS500301:150:HLJVKAFX7:2:11101:15054:1072,AGTAACAC,,,
NS500301:150:HLJVKAFX7:2:11101:15804:1075,GCTACGTT,CTTGTCCC,,
NS500301:150:HLJVKAFX7:2:11101:12849:1116,,GGTCTAAA,GTTTAAGTACTCTGTGCTGGAAACAG,GTACAAGAGACTTTCCGAAA
NS500301:150:HLJVKAFX7:2:11101:15291:1122,,AGTGTACT,,
NS500301:150:HLJVKAFX7:2:11101:20001:1132,GTGACGGG,GTATAGTA,GTTTAAGTACTCTGTGCTGGAAACAG,GTACAAGGGACTTTCCGAAA
NS500301:150:HLJVKAFX7:2:11101:14926:1135,,CGCACGGG,GTTTAAGTACTCTGTGCTGGAAACAG,GTACAAGGGACTTTCCGAAA
NS500301:150:HLJVKAFX7:2:11101:4421:1157,,GAGGTTAG,GTTTAAGTACTCTGTGCTGGATACAG,GTACAAGGGACTTTCCGAAA
NS500301:150:HLJVKAFX7:2:11101:13736:1161,TGGGTCCG,TGACTATG,GTTTAAGTACTCTGTGCTGGATACAG,GTACAAGGGACTTTCCGAAA
NS500301:150:HLJVKAFX7:2:11101:7271:1167,GCCGATGT,CCGGGGAA,GTTTAAGTACTCTGTGCTGGATACAG,GTACAAGGGACTTTCCGAAA
NS500301:150:HLJVKAFX7:2:11101:25047:1199,,AAGTAGGT,,
NS500301:150:HLJVKAFX7:2:11101:19403:1199,GCGTACCG,GCAATATG,,
NS500301:150:HLJVKAFX7:2:11101:26543:1202,AATACTAG,GAGCAATA,GTTTAAGTACTCTGTGCTGGAAACAG,ACAAGGTAACACAGATTCAG
NS500301:150:HLJVKAFX7:2:11101:26389:1202,GAGATTGG,,,
NS500301:150:HLJVKAFX7:2:11101:12671:1209,TATGGTTG,TGATGAAT,GTTTAAGTACTCTGTGCTGGAAACAG,GTACAAGGGACTTTCCGAAA
NS500301:150:HLJVKAFX7:2:11101:15082:1231,AAAAGAGA,ACGGCGGG,GTTTAAGTACTCTGTGCTGGAAACAG,GTACAAGGGACTTTCCGAAA
NS500301:150:HLJVKAFX7:2:11101:25530:1232,,CATTTTGT,GTTTAAGTACTCTGTGCTGGAAACAG,GTACAAGGGACTTTCCGAAA
NS500301:150:HLJVKAFX7:2:11101:10176:1237,,GGTAACAT,GTTTAAGTACTAAGTGCAGGAAACAG,GTACAAGGGACTTTCCGAAA
NS500301:150:HLJVKAFX7:2:11101:15383:1272,ATAGTGCC,TTAGTGAT,GTTTAAGTACTCTGTGCTGGATACAG,GTACAAGGGACTTTCCGAAA
NS500301:150:HLJVKAFX7:2:11101:2079:1275,TGTGAAAC,CATAAAAG,GTTTAAGTACTCTGTGCTGGAAACAG,GTACAAGAGACTATCCTAAA
NS500301:150:HLJVKAFX7:2:11101:17804:1285,GCGAAGAC,ATCTAAAT,GTTTAAGTACACAGTGCTGGAAAAAG,CATAAATAAACACAACTACA
NS500301:150:HLJVKAFX7:2:11101:17738:1307,CGGATTAG,,,
NS500301:150:HLJVKAFX7:2:11101:6261:1342,GTCGATCT,GATCTTCT,GTTTAAGTACTCTGTGCTGGAAACAG,GTACAAGGAAATTTCCGAAA
NS500301:150:HLJVKAFX7:2:11101:17597:1379,GGCTGAAT,CCTGCCAA,GTTTAAGTACTCTGTGCTGGAAACAG,GTACAAGGGACTTTCCGAAA
NS500301:150:HLJVKAFX7:2:11101:13985:1382,TGACAGTT,AGTTCGTA,GTTTAAGTACTCTGTGCTGGAAACAG,GTACAAGGGACTTTCCGAAA
NS500301:150:HLJVKAFX7:2:11101:18985:1420,TCGATTAA,,,
NS500301:150:HLJVKAFX7:2:11101:10084:1433,ATTTTGTA,ATAAAACT,GTTTAAGTACTCTGTGCTGGAAACAG,GTACAAGGGACTTTCCGAAA
NS500301:150:HLJVKAFX7:2:11101:21281:1433,ACAGCTCC,TTTTGAAT,GTTTAAGTACTCTGTGCTGGAAACAG,GTACAAGGGACTTTCCGAAA
NS500301:150:HLJVKAFX7:2:11101:18961:1445,GGGGAAGA,TTGTCCTC,GTTTAAGTACTCTGTGCTGGAAACAG,GTACAAGGGACTTTCCGAAA
NS500301:150:HLJVKAFX7:2:11101:11742:1455,CATAAGTA,TCATCCAC,GTTTAAGTACTCTGTGCTGGAAACAG,GTACAATGGAATTTCCGAAA
NS500301:150:HLJVKAFX7:2:11101:6878:1483,GGCAACTG,AAGAACTT,GTTTAAGTACTCTGTGCTGGAAACAG,GTACAAGGGACTTTCCGAAA
NS500301:150:HLJVKAFX7:2:11101:4420:1483,,AACACCTA,GTTTAAGTACTCTGTGCTGGAAACAG,CTACAACGGAATTTCAGAAA
NS500301:150:HLJVKAFX7:2:11101:19548:1496,,CGATATTG,GTTTAAGTACTCTGTGCTGGAAACAG,GTACAAGGGACTTTCCGAAA
NS500301:150:HLJVKAFX7:2:11101:21637:1504,,GTTGGCAG,GTTTAAGTACTCTGTGCTGGAACCAG,GTACAAGGGACTTTCCGAAA
NS500301:150:HLJVKAFX7:2:11101:22861:1510,TCACCGTT,AAGGTAGT,GTTTAAGTACTCTGTGCTGGAAACAG,GTACAAGGGACTTTCCGAAA
NS500301:150:HLJVKAFX7:2:11101:21949:1513,ACCCGGGT,AGCGTTCC,GTTTAAGTACTCTGTGCTGGAAACAG,GTACAAGGGACTTTCCGAAA
NS500301:150:HLJVKAFX7:2:11101:24821:1527,GTTTTTGG,GGGTAGGG,GTTTAAGTACTCTGTGAAGGAAACAG,GTACAAGGGACTTTCCGAAA
NS500301:150:HLJVKAFX7:2:11101:12086:1529,TGGCTGGG,TTGTTTAG,GTTTAAGTACACTGTGCTGGAAACAG,GTACAAGGGACATTCCGAAA
NS500301:150:HLJVKAFX7:2:11101:20356:1547,,GGGGAGGA,GTTTAAGTACTCTGTGCTGGAAACAG,GTACAAGGGACTTTCCGAAA
NS500301:150:HLJVKAFX7:2:11101:10957:1570,,ATGTCTAT,GTTTAAGTACTCTGTGCTGGAAACAG,GTACAAGGGACTTTCCGAAA
NS500301:150:HLJVKAFX7:2:11101:18667:1583,AATGTAAG,CCACCGGA,GTTTAAGTACTCTGTGCTGGAAACAG,GTACAAGGGACTTTCCGAAA
NS500301:150:HLJVKAFX7:2:11101:19436:1597,CATTCGAG,,,
NS500301:150:HLJVKAFX7:2:11101:18604:1638,TTCGACAA,GTTAATGA,GTTTAAGTACTCTGTGCTGGAAACAG,GTACAAGGGACATTCCGAAA
NS500301:150:HLJVKAFX7:2:11101:16404:1651,TGACATAA,,,
NS500301:150:HLJVKAFX7:2:11101:18465:1671,CCGCGGGC,AAGTACTA,,
NS500301:150:HLJVKAFX7:2:11101:16148:1677,ATGGGGAC,GTAACGTG,GTTTAAGTACTCTGTGCTGGAAACAG,GTACAAGGGACTTTCCGAAA
NS500301:150:HLJVKAFX7:2:11101:16825:1696,,CGCAAGAA,GTTTAAGTACTCTGTGCTGGAAACAG,GTACAAGGGACTTTCCGAAA
NS500301:150:HLJVKAFX7:2:11101:11980:1700,GGTGACGC,TGAAAGGG,GTTTAAGTACTCTGTGCTGGAAACAG,GTACAAGGGACTTTCCGAAA
NS500301:150:HLJVKAFX7:2:11101:21278:1724,ACACCTAA,,,
NS500301:150:HLJVKAFX7:2:11101:20024:1732,CTGGTAAC,ACCAGTCA,GTTTAAGTACTCTGTGCTGGAAACAG,GTACAAGGGACTTTCCGAAA
NS500301:150:HLJVKAFX7:2:11101:11400:1738,TAAGAGCG,CATTATGG,GTTTAAGTACTCTGTGCTGGAAACAG,CTACAAGGGACTTTCCGAAA
NS500301:150:HLJVKAFX7:2:11101:8461:1740,,TAATCACG,GTTTAAGTACTCTGTGCTGGAAACAG,GTACAAGGGACTTTCCGAAA
NS500301:150:HLJVKAFX7:2:11101:22325:1751,TTGTGTGA,TTTTGCAC,,
NS500301:150:HLJVKAFX7:2:11101:8454:1760,AGTGCAAC,GAGACATA,,
NS500301:150:HLJVKAFX7:2:11101:17759:1772,AGGTTCTG,TCTATATC,GTTTAAGTACTCTGTGCTGGAAACAG,CTACAAGCCACTTTCCGAAA
NS500301:150:HLJVKAFX7:2:11101:8278:1805,,GGATAGTG,GTTTAAGTACTCTGTGCTGGAAACAG,GTACAAGGGACTTTCCGAAA
NS500301:150:HLJVKAFX7:2:11101:25483:1823,CAGAGGGG,GTGGTGCG,GTTTAAGTACTCTGTGCTGGAAACAG,GTACAAGGGACTTTCCGAAA
NS500301:150:HLJVKAFX7:2:11101:1361:1829,,ACTTCGAG,GTATAAGTACTCTGTGCTGGATACAG,GTACAAGGGACTTTCCGAAA
NS500301:150:HLJVKAFX7:2:11101:7235:1839,GGGGGTGG,CCAAGAGG,GTTTAAGTACTCTGTGCTGGAAACAG,GTACAAGGGACTTTCCGAAA
NS500301:150:HLJVKAFX7:2:11101:23445:1842,AGGGTGAA,,,
NS500301:150:HLJVKAFX7:2:11101:26374:1843,,GCCTAAGT,,
NS500301:150:HLJVKAFX7:2:11101:19685:1853,GGGTACGC,CGCTCATG,GTTTAAGTACTCTGTGCTGGAAACAG,GTACAAGGGACTTTCCGAAA
NS500301:150:HLJVKAFX7:2:11101:17367:1871,,GGCCATCG,,
NS500301:150:HLJVKAFX7:2:11101:3882:1901,GATTGCAT,,,
NS500301:150:HLJVKAFX7:2:11101:18500:1936,AACCGCGT,AATAGCTC,GTTTAAGTACTCTGTGCTGGAAACAG,GTACAAGGGACTTTCCGAAA
NS500301:150:HLJVKAFX7:2:11101:10456:1937,CCCCTGTG,CGAAATGA,GTTTAAGTACTCTGTGCTGGAAACAG,GTACAAGGGACTTTCCGAAA
NS500301:150:HLJVKAFX7:2:11101:8425:1943,,CGTAGCTG,,
NS500301:150:HLJVKAFX7:2:11101:13868:1957,GTATGGGG,CCATCCTG,GTTTAAGTACTCTGTGCTGGAAACAG,GTACAAGGGACTTTCCGAAA
NS500301:150:HLJVKAFX7:2:11101:3870:1963,GCAGGACA,TGATCGGA,,
NS500301:150:HLJVKAFX7:2:11101:26573:1994,,TGCGGGAG,,
NS500301:150:HLJVKAFX7:2:11101:10814:1996,TATACATA,GCTTTGTT,GTTTAAGTACTCTGTGCTGGAAACAG,GTACAAGGGACTTTCCGAAA
NS500301:150:HLJVKAFX7:2:11101:19591:1999,AATCTCAT,GAAATGAT,GTTTAAGTACTCTGTGCTGGAAACAG,GTTGTATAGAAATACCGAAA
NS500301:150:HLJVKAFX7:2:11101:21794:2033,AGTGATTT,ATAAGTGA,GTTTAAGTACTCTGTGCTGGAAACAG,GTACAAGGGACTTTCCGAAA
NS500301:150:HLJVKAFX7:2:11101:5930:2038,,TACTTAGG,,
NS500301:150:HLJVKAFX7:2:11101:19764:2050,,TGAGATGT,GTTTAAGTACTCTGTGCTGGAAACAG,GTACAAGGGACTTTCCGAAA
NS500301:150:HLJVKAFX7:2:11101:20932:2051,CGTAAATA,,,
NS500301:150:HLJVKAFX7:2:11101:15031:2072,CTAGCCAT,ATGTACGA,GTTTAAGTACTCTGTGCTGGAAACAG,GTACAAGGGACTTTCCGAAA
NS500301:150:HLJVKAFX7:2:11101:14826:2078,,CGTATGGA,,
NS500301:150:HLJVKAFX7:2:11101:5934:2082,,GACGAAAA,,
NS500301:150:HLJVKAFX7:2:11101:13515:2084,TCACGGTG,ACACTTAC,GTTTAAGTACACAGTGCTGGAAAAAG,GAACAATGGACTTTCCTAAA
NS500301:150:HLJVKAFX7:2:11101:22527:2109,TGGTGCTG,,,
NS500301:150:HLJVKAFX7:2:11101:15286:2122,TTGTGGAA,GGTGACAC,GTTTAAGTACTCTGTGCTGGAAACAG,GTACAAGGGACTTTCCGAAA
NS500301:150:HLJVKAFX7:2:11101:19015:2162,,TGTAGGAC,,
NS500301:150:HLJVKAFX7:2:11101:16729:2173,CGCGCTGT,,,
NS500301:150:HLJVKAFX7:2:11101:24719:2187,,TGATACTA,,
NS500301:150:HLJVKAFX7:2:11101:12943:2203,AGTCAATG,GAGGTGAT,GTTTAAGTACTCTGTGCTGGAAACAG,GTACAAGGGACTTTCCGAAA
NS500301:150:HLJVKAFX7:2:11101:7282:2204,,TGCATGAA,GTTTAAGTACACTGTGCTGGAAACAG,GTACAAGGGACTTTCCGAAA
NS500301:150:HLJVKAFX7:2:11101:2054:2213,,GATTCTTT,,
NS500301:150:HLJVKAFX7:2:11101:2850:2220,,GATCAAGG,GTTTAAGTAGTCTGTGCTGGACACAG,GAACAAGGGACTTTCCGAAA
NS500301:150:HLJVKAFX7:2:11101:7478:2225,,ATTGTGGC,GTTTAAGTACTCTGTGCTGGAAACAG,GTACAAGGGACTTTCCGAAA
NS500301:150:HLJVKAFX7:2:11101:11149:2229,TAGTAGCA,AGTATCAG,GTTTAAGTACTCTGTGCTGGAAACAG,GTACAAGGGACTTTCCGAAA
NS500301:150:HLJVKAFX7:2:11101:8128:2271,,AGAGAGGA,GTTTAAGTACTCAGTGCAGGAAAAAG,GTACAAGGGACTTTCCGAAA
NS500301:150:HLJVKAFX7:2:11101:20578:2272,CCGTGGGG,CGATTAAG,GTTTAAGTACTCTGTGCTGGAAACAG,GTACAAGGGACTTTCCGAAA
NS500301:150:HLJVKAFX7:2:11101:1551:2273,,AGGGTGAT,GTTTAAGTACTCTGTGCTGGAATCAG,GTACAAGTGACTTTCCTAAA
NS500301:150:HLJVKAFX7:2:11101:17590:2281,AGATATGG,TGGAATAA,,
NS500301:150:HLJVKAFX7:2:11101:18343:2282,GATCACGG,GGCAGTGA,,
NS500301:150:HLJVKAFX7:2:11101:19672:2290,TACGTAAT,CTTTGGTG,GTTTAAGTACTCTGTGCTGGAAACAG,GTACAAGGGACTTTCCGAAA
NS500301:150:HLJVKAFX7:2:11101:24722:2291,,GTATTCAT,GTTTAAGTACTCTGTGCTGGAAACAG,CTACAAGGGACTTTCTGAAA
NS500301:150:HLJVKAFX7:2:11101:1542:2304,,ATTAATAG,GTTTAAGTACTCTGTGATGGAAACAG,GTACAATGGACTTTCCGAAA
NS500301:150:HLJVKAFX7:2:11101:25593:2311,ATAAAATA,,,
NS500301:150:HLJVKAFX7:2:11101:12919:2323,GCGGAGAA,ATTATAGG,GTTTAAGTACTCTGTGCTGGAAACAG,GTACAACAGCGTATCAGAAA
NS500301:150:HLJVKAFX7:2:11101:9832:2336,TTGTTAAT,CAAACTAT,GTTTAAGTACTCTGTGCTGGAAACAG,GAACAAGCGACTATCCTATA
NS500301:150:HLJVKAFX7:2:11101:18086:2339,TAGCTATG,AGGTATTA,,
NS500301:150:HLJVKAFX7:2:11101:20955:2342,,GGAGTAGA,,
NS500301:150:HLJVKAFX7:2:11101:14738:2358,AGCTGATA,GGATGGGA,GTTTAAGTACTCTGTGCTGGAAACAG,GTACAAGGGACTTTCCGAAA
NS500301:150:HLJVKAFX7:2:11101:6356:2367,CGTAGTTA,CCGGAATG,GTTTAAGTACTCTGTGCTGGAAACAG,GTACAAGGGACTTTCCGAAA
NS500301:150:HLJVKAFX7:2:11101:26185:2375,ACCGAGTG,AGGTTGAC,GTTTAAGTACTCTGTGCTGGAAACAG,GTACAAGGGACTTTCCGAAA
NS500301:150:HLJVKAFX7:2:11101:8417:2387,GGAGCGGG,ACGCAGGA,GTTTAAGTACACTGTGCTGGAAAAAG,GTACAAGGGACTTTCCGAAA
NS500301:150:HLJVKAFX7:2:11101:10222:2389,TGAACTGG,GTTCGTAG,GTTTAAGTACTCTGTGCTGGATACAG,GTACAAGGGACTTTCCGAAA
NS500301:150:HLJVKAFX7:2:11101:23334:2399,ATCAAGAC,GCATCACA,GTTTAAGTACTCTGTGCTGGAAACAG,GTACAAGGGACTTTCAGAAA
NS500301:150:HLJVKAFX7:2:11101:19708:2410,AAGCGATC,CTACAAAG,GTTTAAGTACTCTGTGCTGGAAACAG,GTACAAGGGACTTTCCGAAA
NS500301:150:HLJVKAFX7:2:11101:12188:2448,,GATTATAC,,
NS500301:150:HLJVKAFX7:2:11101:23767:2455,CTCGTAGG,AGGTAGAT,GTTTAAGTACTCTGTGCTGGAAACAG,GTACAAGGGACTATCCGAAA
NS500301:150:HLJVKAFX7:2:11101:25433:2458,ATGTGGTG,GAGATGCG,GTTTAAGTACTCTGTGCTGGAAACAG,GTACAAGGGACTTTCCGAAA
NS500301:150:HLJVKAFX7:2:11101:11912:2462,,AGGACCGG,,
NS500301:150:HLJVKAFX7:2:11101:12313:2467,,CAGGTAGG,GTTTAAGTACTCTGTGCTGGATACAG,GTACAAGGGACTTTCCGAAA
NS500301:150:HLJVKAFX7:2:11101:19534:2483,TCTTAGCA,,,
NS500301:150:HLJVKAFX7:2:11101:14083:2492,AAGAGATT,GGTAAGTC,GTTTAAGTACTCTGTGCTGGATACAG,GTACAAGGGACTTTCCGAAA
NS500301:150:HLJVKAFX7:2:11101:22540:2532,,GTGACGCG,GTTTAAGTACTCTGTGCTGGAAACAG,GTACAAGGGACTTTCCGAAA
NS500301:150:HLJVKAFX7:2:11101:14999:2534,GATCGTTT,GTAAGTGG,GTTTAAGTACTCTGTGCTGGAAACAG,GTACAAGGGACTTTCCGAAA
NS500301:150:HLJVKAFX7:2:11101:11084:2598,CCAGAGAG,TACTGAAC,GTTTAAGTACTCTGTGCTGGAAACAG,GTACAAGGGACTTTCCGAAA
NS500301:150:HLJVKAFX7:2:11101:10291:2601,GGCAGCGT,,,
NS500301:150:HLJVKAFX7:2:11101:14125:2605,CGTTTGTA,TTAGCGGG,GTTTAAGTACTCTGTGCTGGAAACAG,GTACAAGGGACTTTCCGAAA
NS500301:150:HLJVKAFX7:2:11101:12705:2612,ATTAATCG,CATCAGGA,GTTTAAGTACTCTGTGCTGGAAACAG,GTACAAGGGACTTTCCGAAA
NS500301:150:HLJVKAFX7:2:11101:3403:2617,,GCGGGAGC,,
NS500301:150:HLJVKAFX7:2:11101:16744:2627,ATTACGGG,GTCATCGA,GTTTAAGTACTCTGTGCTGGATACAG,GTACAAGGGACTTTCCGAAA
NS500301:150:HLJVKAFX7:2:11101:9608:2633,CGGAACTG,GCGCGCAT,GTTTAAGTACTCTGTGCTGGAAACAG,CTAAAAGGTACTTTCCGAAA
NS500301:150:HLJVKAFX7:2:11101:8842:2637,CGTGTGTT,GGCTAGAT,GTTTAAGTACTCTGTGCTGGAAACAG,GTACAAGCGACTTTCCGAAA
NS500301:150:HLJVKAFX7:2:11101:19758:2647,GTGACAAA,TCGAGATC,GTTTAAGTACTCTGTGCTGGAAAAAG,CTACAATGTACTTTCCTAAA
NS500301:150:HLJVKAFX7:2:11101:10206:2657,AGAGATGA,GATAACTT,GTTTAAGTACTCTGTGCTGGATACAG,GTACAAGGGACTTTCCGAAA
NS500301:150:HLJVKAFX7:2:11101:16593:2660,,CCGATATG,GTTTAAGTACTCAGTGCTGGAAACAG,GTACAAGGGACTTTCCGAAA
NS500301:150:HLJVKAFX7:2:11101:21842:2660,TTCGGGGT,TCCGGTGC,GTTTAAGTACTCTGTGCTGGAAACAG,GTACAAGGGACTTTCCGAAA
NS500301:150:HLJVKAFX7:2:11101:5498:2663,TGTGGGCT,TTTAGGTG,GTTTAAGTACTCTGTGCTGGAAGCAG,GTACAAGGGACTTTCCGAAA
NS500301:150:HLJVKAFX7:2:11101:2070:2683,GGTTATAG,ATTGCAGG,GTTTAAGTACTCTGTGCTGGAAACAG,GTACAAGGGACTTTCCGAAA
NS500301:150:HLJVKAFX7:2:11101:18894:2700,TCTGGAGG,TCTATCTC,GTTTAAGTACTCTGTGCTGGAAACAG,GTACAAGGGACTTTCCGAAA
NS500301:150:HLJVKAFX7:2:11101:10698:2701,,TATGTTTG,GTTTAAGTACTCTGTGCTGGAAACAG,GTACAAGGGACTTTCCGAAA
NS500301:150:HLJVKAFX7:2:11101:1449:2701,GATTCTAA,,,
NS500301:150:HLJVKAFX7:2:11101:20004:2703,TGGGGCCA,GACATGTA,GTTTAAGTACTCTGTGCTGGAAACAG,GTACAAGGGACTTTCCGAAA
NS500301:150:HLJVKAFX7:2:11101:25812:2728,,GGTAGGTA,GTTTAAGTACTCTGTGCTGGAAACAG,GTACAAGGGACTTTCCGAAA
NS500301:150:HLJVKAFX7:2:11101:20788:2740,TTTGTTAC,TCGGAATA,,
NS500301:150:HLJVKAFX7:2:11101:13647:2741,,GTGTTGAG,GTTTAAGTACTCTGTGCTGGAATCAG,GTACAAGGGACTTTCCGAAA
NS500301:150:HLJVKAFX7:2:11101:18963:2744,TGTGCATT,,,
NS500301:150:HLJVKAFX7:2:11101:21587:2756,TGCGCCAG,TAAGTGTT,GTTTAAGTACTCTGTGCTGGATACAG,GTACAAGGGACTTTCCGAAA
NS500301:150:HLJVKAFX7:2:11101:19313:2758,GTGGACAT,TCGAACTA,,
NS500301:150:HLJVKAFX7:2:11101:3059:2769,AACGGGTG,CAATAGAG,GTTTAAGTACTCTGTGCTGGAAACAG,TTACAATAGAATTTCCTAAA
NS500301:150:HLJVKAFX7:2:11101:17228:2774,GTCACATT,AACAACAA,GTTTAAGTACTATGTGCTGGAAACAG,CAACAAGCGACTTTCTGAAC
NS500301:150:HLJVKAFX7:2:11101:22003:2791,CTGGGGGG,CTCACAAT,GTTTAAGTACTCTGTGCTGGAAACAG,TTACAAGGGACTTTCCGAAA
NS500301:150:HLJVKAFX7:2:11101:10493:2798,GTCTCTCT,TGGCAGGC,GTTTAAGTACTCTGTGCTGGAAACAG,GTACAAGGGACTTTCCGAAA
NS500301:150:HLJVKAFX7:2:11101:10568:2799,CTTAAATA,AAACAAAA,GTTTAAGTACTCTGTGCTGGAATCAG,GTACAAGGTCAATTCCGAAA
NS500301:150:HLJVKAFX7:2:11101:7662:2807,,CGGGATAA,GTTTAAGTACTCTGTGCTGGAAACAG,GTACAAGGGACTTTCCGAAA
NS500301:150:HLJVKAFX7:2:11101:7435:2810,TTGCACCA,TATCTCGC,GTTTAAGTACTCTGTGCTGGAAACAG,GTACAAGGGACTTTCCGAAA
NS500301:150:HLJVKAFX7:2:11101:10713:2821,GAGCATCG,TGAAACTA,GTTTAAGTACTCTGTGCTGGATACAG,GTACAAGGGACTTTCCGAAA
NS500301:150:HLJVKAFX7:2:11101:19263:2830,,AAGGCTCG,GTTTAAGTACTCAGTGCTGGAAACAG,CTACAAGCTCCTTTCCGAAA
NS500301:150:HLJVKAFX7:2:11101:24971:2848,,GTTTTAGG,GTTTAAGTACTCTGTGCTGGAAACAG,GTACAAGGGACTTTCCGAAA
NS500301:150:HLJVKAFX7:2:11101:21935:2851,TAGGTCGG,TCCTCCAT,,
NS500301:150:HLJVKAFX7:2:11101:22181:2861,TTACCCGG,CAATGTCT,GTTTAAGTACTCTGTGCTGGAAACAG,GTACAAGGGACTTTCCGAAA
NS500301:150:HLJVKAFX7:2:11101:3488:2862,ACACTAGA,TTAAACTT,GTTTAAGTACTCTGTGCTGGAAACAG,GTACAAGGGACTTTCCGAAA
NS500301:150:HLJVKAFX7:2:11101:5957:2877,ATGCTAAG,CCAACCCA,GTTTAAGTACTCTGTGCTGGAAACAG,CGAGAAGGCACTTTCCGAAA
NS500301:150:HLJVKAFX7:2:11101:16547:2888,,ATCGCGAA,GTTTAAGTACTCTGTGCTGGAATCAG,GTACAAGGGACTTTCCGAAA
NS500301:150:HLJVKAFX7:2:11101:24184:2890,AAATTGAA,AGTCAGAA,GTTTAAGTACTCTGTGCTGGAATCAG,GGACAAGGGACTTTCCGAAA
NS500301:150:HLJVKAFX7:2:11101:17269:2892,AAAAGTCT,TGTTACTG,GTTTAAGTACTCTGTGCTGGAAACAG,GTACAAGGGACTTTCCGAAA
NS500301:150:HLJVKAFX7:2:11101:21672:2898,TGGGGAGA,ACCTTTGA,GTTTAAGTACTCTGTGCTGGAAACAG,GGACAAGAGACTATCCGAAA
NS500301:150:HLJVKAFX7:2:11101:24120:2898,AAGGCGAG,CTCAATAA,GTTTAAGTACTCTGTGCTGGATACAG,GTACAAGGGCCTTTCAGAAA
NS500301:150:HLJVKAFX7:2:11101:11195:2902,TTTCGGAC,,,
NS500301:150:HLJVKAFX7:2:11101:16130:2909,,CGATCTTA,,
NS500301:150:HLJVKAFX7:2:11101:21900:2937,TCAGACGG,TTTGCAGG,GTTTAAGTACTCTGTGCTGGAAACAG,GTACAAGGGACTTTCCGAAA
NS500301:150:HLJVKAFX7:2:11101:12796:2939,CTTACGCC,GGCGCGCC,GTTTAAGTACTCTGTGCTGGAAACAG,GTACAAGGGACTTTCCGAAA
NS500301:150:HLJVKAFX7:2:11101:12344:2942,CAATCTTA,ATGCCAGT,GTTTAAGTACTCTGTGCTGGAATCAG,GTACAAGGGACTTTCCGAAA
NS500301:150:HLJVKAFX7:2:11101:13897:2963,TATCGTTC,ACTTGGAT,GTTTAAGTACTCTGTGCTGGATACAG,GTACAAGGGACTTTCCGAAA
NS500301:150:HLJVKAFX7:2:11101:18974:2993,GTACACAG,GTAGCGTG,,
NS500301:150:HLJVKAFX7:2:11101:4602:2995,,CGGAAGGT,GTTTAAGTACTCTGTGCTGGAAACAG,GTACAAGGGACTATCCGAAA
NS500301:150:HLJVKAFX7:2:11101:19869:2996,TCTATGCC,TGCCTTTG,GTTTAAGTACTCTGTGCTGGAAACAG,GTAAAAGGGACTTTCCGAAA
NS500301:150:HLJVKAFX7:2:11101:15007:3014,CGTTCATA,AGGGAGCA,GTTTAAGTACTCTGTGCTGGAATCAG,GTACAAGGGACTTTCCGAAA
NS500301:150:HLJVKAFX7:2:11101:5622:3019,,GTCATATC,GTTTAAGTACTCTGTGCTGGAAACAG,GTACAAGGGACTTTCCGAAA
NS500301:150:HLJVKAFX7:2:11101:21192:3024,TCTTAAAG,ATTATACG,GTTTAAGTACTCTGTGCTGGAAACAG,GTACAAGGGACTTTCCGAAA
NS500301:150:HLJVKAFX7:2:11101:4839:3039,TGAGGCGG,CTCTTTAA,GTTTAAGTACTCTGTGCTGGAAACAG,GTACAATGGACTTTCAGAAA
NS500301:150:HLJVKAFX7:2:11101:13159:3041,GCAATGGC,GAATCGGA,GTTTAAGTACTCTGTGCTGGAAACAG,GTACAAGGGACTTTCCGAAA
NS500301:150:HLJVKAFX7:2:11101:16215:3056,GCGCAATT,AGGTATCA,GTTTAAGTACTCAGTGCTGGAAACAG,GTACAACGCAGTTACAGAAA
NS500301:150:HLJVKAFX7:2:11101:8961:3064,GTGCGCAG,AACAAGTG,GTTTAAGTACTCTGTGCTGGAAACAG,CTACAAGTCACTTTCCGAAA
NS500301:150:HLJVKAFX7:2:11101:6240:3072,AGTTTGTG,ATGCGCCA,GTTTAAGTACTCTGTGCTGGATACAG,GTACAAGGGACTTTCCGAAA
NS500301:150:HLJVKAFX7:2:11101:9453:3076,AGGGTTTG,CTTGGTGG,GTTTAAGTACTCTGTGCTGGAAACAG,GTACAAGGGACTTTCCGAAA
NS500301:150:HLJVKAFX7:2:11101:6614:3077,GCTCCAGG,TTTAATCT,GTTTAAGTACACAGTGCTGGAAACAG,CTAAAAGTCACTTTCGGAAA
NS500301:150:HLJVKAFX7:2:11101:23218:3079,,CGATGCCA,GTTTAAGTACTCTGTGCTGGAAACAG,GTACAAGGGACTTTCCGAAA
NS500301:150:HLJVKAFX7:2:11101:18750:3087,GTGATGCC,CTGGCTCT,GTTTAAGTACTCTGTGATGGAAACAG,GTACAAGGGACTTTCCGAAA
NS500301:150:HLJVKAFX7:2:11101:17919:3098,TATGAGTG,CGTATAGG,GTTTAAGTACTCTGTGCTGGAAACAG,GTACAAGGGACTTTCCGAAA
NS500301:150:HLJVKAFX7:2:11101:21216:3099,AAGGGGAC,ATGCGATT,GTTTAAGTACTCAGTGCTGGAAAAAA,GAACAAGGGACTTTCCGAAA
NS500301:150:HLJVKAFX7:2:11101:18837:3100,GGTCATTG,,,
NS500301:150:HLJVKAFX7:2:11101:11806:3110,,AATTCGGG,GTTTAAGTACTCTGTGCTGGAAACAG,GTACAAGGGACTTTCCGAAA
NS500301:150:HLJVKAFX7:2:11101:14874:3113,GGGGGAAT,GATTAAGA,GTTTAAGTACTCTGTGCTGGAAACAG,GTACAAGGGACTTTCCGAAA
NS500301:150:HLJVKAFX7:2:11101:6291:3121,AAGCCGAG,CAAGGTGG,GTTTAAGTACTCTGTGCTGGAATCAG,GTACAAGGGACTTTCCGAAA
NS500301:150:HLJVKAFX7:2:11101:9471:3125,ATTTGTCA,GTTGTTAG,GTTTAAGTACTCTGTGCTGGAAACAG,GTACAAGGGACTTTCCGAAA
NS500301:150:HLJVKAFX7:2:11101:3274:3133,GTTTGTGA,CGACATTT,GTTTAAGTACTCTGTGCTGGAATCAG,GTACAAGGGACTTTCCGAAA
NS500301:150:HLJVKAFX7:2:11101:25269:3151,GAGTCGGA,TTACGAAA,GTTTAAGTACTCTGTGCTGGAAACAG,GTACAAGGGACTTTCCGAAA
NS500301:150:HLJVKAFX7:2:11101:23362:3155,GGAACGTA,CACAATTC,GTTTAAGTACTCTGTGCTGGAAACAG,GTACAAGGGAGTTTCCGAAA
NS500301:150:HLJVKAFX7:2:11101:15545:3175,ATTAGGCG,ATTTCTAT,GTTTAAGTACTCTGTGCTGGAAACAG,GTACAAGGGACTTTCCGAAA
NS500301:150:HLJVKAFX7:2:11101:11853:3184,CTAACCAC,,,
NS500301:150:HLJVKAFX7:2:11101:24868:3193,TTTGGGGT,GGGGAACC,GTTTAAGTACTCTGTGCTGGAAACAG,GTACAAGGCACTTTCCGAAA
NS500301:150:HLJVKAFX7:2:11101:15301:3202,AATCAATT,GACACTAG,GTATAAGTACTCAGTGCTGGAAACAG,TTACAAGGTACTATCCGAAA
NS500301:150:HLJVKAFX7:2:11101:8411:3221,ATCATGCA,AATGACGA,GTTTAAGTACTCTGTGCTGGAAACAG,GTACAAGGTACTTTCCGAAA
NS500301:150:HLJVKAFX7:2:11101:5261:3221,TGCGAGCG,ATTGGATT,GTTTAAGTACTCTGTGCTGGAAACAG,GTACAAGGGACTTTCCGAAA
NS500301:150:HLJVKAFX7:2:11101:18503:3223,TGGTGATG,GATCCGCT,,
NS500301:150:HLJVKAFX7:2:11101:14736:3225,,TTAGCGAG,GTTTAAGTACTCTGTGCTGGAAACAG,GTACAAGGGACTTTCCGAAA
NS500301:150:HLJVKAFX7:2:11101:17824:3241,TAAATCTT,AGCCAACG,GTTTAAGTACTCTGTGCTGGAAACAG,GTACAAGGGACTTTCCGAAA
NS500301:150:HLJVKAFX7:2:11101:2116:3249,GTAGTGGT,AAAAGCGC,GTTTAAGTACTCTGTGCTGGAAACAG,GTACAAGGGACTTTCCGAAA
NS500301:150:HLJVKAFX7:2:11101:11401:3258,,GGTGAACA,,
NS500301:150:HLJVKAFX7:2:11101:26035:3262,CACTAGGG,TAAGCCAA,GTTTAAGTACTCTGTGCTGGAAACAG,GTACAAGGGACTTTCCGAAA
NS500301:150:HLJVKAFX7:2:11101:12751:3274,TGTGTATC,CTGGCGGG,GTTTAAGTACACAGTGCTGGAAACAG,GTACAAGGGACTTTCCGAAA
NS500301:150:HLJVKAFX7:2:11101:25943:3281,TAGCTAGT,AGTACAGA,GTTTAAGTACTCTGTGCTGGAAACAG,GTACAAGGTACTTTCCGAAA
NS500301:150:HLJVKAFX7:2:11101:18782:3290,GCGTACAA,CCAACACG,GTTTAAGTACTCTGTGCTGGAAACAG,GTACAAGGGACTTTCCGAAA
NS500301:150:HLJVKAFX7:2:11101:12568:3294,GTGACGTA,CTGTAAGT,GTTTAAGTACTCTGTGCTGGAATCAG,GAACAAGAGACTTTCCGAAA
NS500301:150:HLJVKAFX7:2:11101:22253:3309,GTTGAAGG,TATGAGAG,GTTTAAGTACTCTGTGCTGGAAACAG,GTACAAGGGACTTTCCGAAA
NS500301:150:HLJVKAFX7:2:11101:23164:3309,AGATGGGT,TGATGATT,,
NS500301:150:HLJVKAFX7:2:11101:10057:3321,TTATAGGG,AGGAAGGG,GTTTAAGTACTCTGTGCTGGAAACAG,GTACAAGGGACTTTCCGAAA
NS500301:150:HLJVKAFX7:2:11101:5622:3321,ACGATTCT,GATTTTAT,,
NS500301:150:HLJVKAFX7:2:11101:10712:3337,AGAGGAAG,ATTAATAT,GTTTAAGTACTCTGTGCTGGAAACAG,GTACAAGGCACTTTCCGAAA
NS500301:150:HLJVKAFX7:2:11101:4337:3341,GCGCGGAA,CCTTGGGG,GTTTAAGTACTCTGTGCTGGAAACAG,GTACAAGGGACTTTCCGAAA
NS500301:150:HLJVKAFX7:2:11101:9586:3343,AACAAAAA,TGTTATAC,GTTTAAGTACTCTGTGCTGGAAACAG,GAACAAGGGACTTTCCGAAA
NS500301:150:HLJVKAFX7:2:11101:22241:3349,TATATAGA,AATACACT,GTTTAAGTACTCTGTGCTGGAAACAG,GTACAAGGGACTTTCCGATA
NS500301:150:HLJVKAFX7:2:11101:23271:3350,GAAAGATT,TTACGCTA,,
NS500301:150:HLJVKAFX7:2:11101:19361:3357,,TACGCCCA,,
NS500301:150:HLJVKAFX7:2:11101:22693:3358,GGGAAGGG,TAAACGTG,GTTTAAGTACTCTGTGCTGGAAACAG,GTACAAGGGACTTTCCGAAA
NS500301:150:HLJVKAFX7:2:11101:11169:3362,AGCCATAG,GTGTAAGC,GTTTAAGTACTCTGTGCTGGAAACAG,GTACAAGGGACTTTCCGAAA
NS500301:150:HLJVKAFX7:2:11101:17113:3363,CAAGAACG,TAGAAGAT,GTTTAAGTACTCTGTGCTGGAAACAG,TGAAATGGGGATTCTAGAGA
NS500301:150:HLJVKAFX7:2:11101:10045:3372,ATAGGGGG,GCAATGCT,GTTTAAGTACTCTGTGCTGGAAACAG,GTACAAGGGACTTTCCGAAA
NS500301:150:HLJVKAFX7:2:11101:19941:3380,AAATATAA,CGGGAGGA,GTTTAAGTACTCTGTGCTGGAAACAG,GTACAAGGGACTTTCCGAAA
NS500301:150:HLJVKAFX7:2:11101:12058:3382,,GGTTAGGT,GTTTAAGTACTCTGTGCTGGAAACAG,GTACAAGGGACTTTCCGAAA
NS500301:150:HLJVKAFX7:2:11101:6980:3390,CGAGAATT,AAAGGTCA,GTTTAAGTACTCTGTGCTGGAAACAG,GTACAAGGGACTTTCCGAAA
NS500301:150:HLJVKAFX7:2:11101:5481:3395,,TTTCGTTA,,
NS500301:150:HLJVKAFX7:2:11101:20770:3396,,ACCAACGA,GTTTAAGTACTCAGTGCTGGAAACAG,GTACAAGTGACTTTCCGAAA
NS500301:150:HLJVKAFX7:2:11101:17833:3414,TCACAGGG,GGCTGCGG,GTTTAAGTACTCTGTGCTGGATACAG,GTACAACGGACTTTCCGAAA
NS500301:150:HLJVKAFX7:2:11101:15187:3417,GCACTGGG,ACCGATGT,GTTTAAGTACTCTGTGCTGGAATCAG,GTACAAGGGACTTTCCGAAA
NS500301:150:HLJVKAFX7:2:11101:6979:3434,TCTGTTAA,ACTTACGG,GTTTAAGTACTCTGTGCTGGAAACAG,GTACAAGGGACTTTCCGAAA
NS500301:150:HLJVKAFX7:2:11101:9772:3449,TATGCGTA,GTTAGCTC,GTTTAAGTACTCTGTGCTGGAAACAG,GTACAAGGGACTTTCCGAAA
NS500301:150:HLJVKAFX7:2:11101:12447:3473,,,GTTTAAGTACTCTGTGCTGGAAACAG,GTACAAGGGACTTTCCGAAA
NS500301:150:HLJVKAFX7:2:11101:24323:3491,GGAAATGC,GTGCTGCG,GTTTAAGTACTCTGTGCTGGAAACAG,GTACAAGGGACTTTCCGAAA
NS500301:150:HLJVKAFX7:2:11101:15934:3508,TACTGGGC,GTAGGTTA,GTTTAAGTACTCTGTGCTGGAAACAG,GTACAAGGGACTTTCCGAAA
NS500301:150:HLJVKAFX7:2:11101:8441:3517,TTCCGGGA,,,
NS500301:150:HLJVKAFX7:2:11101:8170:3524,,CGATTGCG,,
NS500301:150:HLJVKAFX7:2:11101:11886:3531,GGCTTGGG,,,
NS500301:150:HLJVKAFX7:2:11101:19511:3532,GTTGTCCG,TGCAATAC,GTTTAAGTACTCTGTGCTGGAAACAG,GTACAAGGGACTTTCCGAAA
NS500301:150:HLJVKAFX7:2:11101:17157:3536,AGTTGGTT,GAGGGTTC,GTTTAAGTACTCTGTGCTGGAAACAG,GTACAAGGGACTTTCCGAAA
NS500301:150:HLJVKAFX7:2:11101:7187:3539,,TCTGATGA,GTTTAAGTACTCTGTGCTGGATACAG,GTACAAGGGACTTTCCGAAA
NS500301:150:HLJVKAFX7:2:11101:4882:3550,CGCGGGCT,TGAGGTCA,GTTTAAGTACTCTGTGCTGGAAACAG,GTACAAGGCACTTTCAGAAA
NS500301:150:HLJVKAFX7:2:11101:23378:3551,TGACTTGT,,,
NS500301:150:HLJVKAFX7:2:11101:16871:3586,AGCGGCCC,TTGACAGG,GTTTAAGTACTCTGTGCTGGAAACAG,GTACAAGGGACTTTCCGAAA
NS500301:150:HLJVKAFX7:2:11101:20919:3593,GAATGGCC,AACATGAT,GTTTAAGTACTCTGTGCTGGAAACAG,CTACAAGTGACTATCCGAAA
NS500301:150:HLJVKAFX7:2:11101:21355:3597,,TTGTAGGT,,
NS500301:150:HLJVKAFX7:2:11101:25412:3613,AGTGCTTA,TAGGAGGG,,
NS500301:150:HLJVKAFX7:2:11101:21833:3620,TATGGGGG,ATTGCGGA,GTTTAAGTACTCTGTGCTGGAAACAG,GTACAAGGGACTTTCCGAAA
NS500301:150:HLJVKAFX7:2:11101:23696:3622,,TGTCAAGT,GTTTAAGTACTCTGTGCTGGAAACAG,GTACAAGGGACTTTCCGAAA
NS500301:150:HLJVKAFX7:2:11101:12458:3642,GCCAGCAG,ACATTGAC,GTTTAAGTACTCTGTGCTGGAAACAG,GTACAAGGGACTTTCCGAAA
NS500301:150:HLJVKAFX7:2:11101:8997:3657,GTAGGCGG,GAAGGGTG,GTTTAAGTACTCTGTGCTGGAAACAG,GTACAAGGGACTTTCCGAAA
NS500301:150:HLJVKAFX7:2:11101:15062:3660,TGATGGCG,ATAACACT,GTTTAAGTACTCTGTGCTGGAAACAG,CTACAAGGGACTTTACGAAA
NS500301:150:HLJVKAFX7:2:11101:9381:3661,TGCGGGTG,GTAAGCGC,GTTTAAGTACTCTGTGCTGGAAACAG,GTACAAGGGACTTTCCGAAA
NS500301:150:HLJVKAFX7:2:11101:23426:3669,TGTTCAGT,GGTGTTTG,GTTTAAGTACTCTGTGCTGGAAACAA,GTACAAGGGACTTTCCGAAA
NS500301:150:HLJVKAFX7:2:11101:4465:3681,AGGCTCGG,AATAAAAA,GTTTAAGTACTCTGTGCTGGAAACAG,TGACAATTGACTGTCCGAAA
NS500301:150:HLJVKAFX7:2:11101:7975:3697,TATTGACA,TATTTGTA,GTTTAAGTACTCAGTGCTGGAAACAG,GTAAATTTCACTTAAAGAAA
NS500301:150:HLJVKAFX7:2:11101:15141:3698,CAATTGGC,GATGAGAT,,
NS500301:150:HLJVKAFX7:2:11101:8671:3702,ACGGCGTG,TTTGATAC,GTTTAAGTACTCTGTGCTGGAAACAG,GTACAAGGGACTTTCCGAAA
NS500301:150:HLJVKAFX7:2:11101:14331:3702,,CTACAGGC,GTTTAAGTACTCTGTGCTGGAAACAG,GTACAAGGGACTTTCCGAAA
NS500301:150:HLJVKAFX7:2:11101:25051:3720,,GACTACGA,GTTTAAGTACTCTGTGCTGGATCCAG,GTACAAGGGACTTTCCGAAA
NS500301:150:HLJVKAFX7:2:11101:5254:3731,,CACACGTA,,
NS500301:150:HLJVKAFX7:2:11101:7846:3731,,TTAGTAAC,GTTTAAGTACTCTGTGCTGGAAACAG,GTACAAGGGACTTTCCGAAA
NS500301:150:HLJVKAFX7:2:11101:18770:3740,,GTAGTTGG,GTTTAAGTACTCTGTGCTGGAATCAG,GTACAAGGGACTTTCCGAAA
NS500301:150:HLJVKAFX7:2:11101:2761:3744,ACTTCTAG,,,
NS500301:150:HLJVKAFX7:2:11101:11121:3765,AACCCAAT,CGGAAAGC,GTTTAAGTACTCTGTGCTGGAAACAG,GTACAAGGGACTTTCCGAAA
NS500301:150:HLJVKAFX7:2:11101:25000:3796,,GATGTAGG,GTTTAAGTACTCTGTGCTGGAAACAG,GTACAAGGGACTTTCCGAAA
NS500301:150:HLJVKAFX7:2:11101:9005:3797,,,GTTTAAGTACTCTGTGCTGGAATCAG,GTACAAGGGACTTTCCGAAA
NS500301:150:HLJVKAFX7:2:11101:10819:3802,ATATACAT,AGCAAGGG,GTTTAAGTACTCTGTGCTGGATACAG,GTACAAGGGACTTTCCGAAA
NS500301:150:HLJVKAFX7:2:11101:11097:3806,,TGAACTCG,GTTTAAGTACTCTGTGCTGGAAACAG,GTACAAGGGACTTTCCGAAA
NS500301:150:HLJVKAFX7:2:11101:14428:3807,CGATGGGT,ACTGAACA,GTTTAAGTACTCTGTGCTGGAATCAG,GTACAAGGGACTTTCCGAAA
NS500301:150:HLJVKAFX7:2:11101:7936:3811,GTAGGCCG,CGCACTGA,GTTTAAGTACTCTGTGCTGGAAACAG,GTACAAGGGACTTTCCGAAA
NS500301:150:HLJVKAFX7:2:11101:2569:3812,TTCACTCC,,,
NS500301:150:HLJVKAFX7:2:11101:5817:3832,ACATAAGT,TCGAATAA,GTTTAAGTACTCTGTGCTGGAAACAG,GTAAAAGGGACTTTCCGAAA
NS500301:150:HLJVKAFX7:2:11101:2070:3866,,ATTTAGTG,,
NS500301:150:HLJVKAFX7:2:11101:5961:3867,,GTTGAGAG,,
NS500301:150:HLJVKAFX7:2:11101:8714:3872,GTAACGGG,TTCCAATC,GTTTAAGTACTAAGTGCTGGAAACAG,GAACAAGGGACGTTCCGAAA
NS500301:150:HLJVKAFX7:2:11101:6500:3880,TGGGCAGG,ATGGACTC,GTTTAAGTACTCTGTGCTGGAAACAG,GAACAAGGGACTTTCCGAAA
NS500301:150:HLJVKAFX7:2:11101:6760:3880,CTGGGGGT,AATCTATG,GTTTAAGTACTCTGTGCTGGAAACAG,GTACAAGGGACTTTCCGAAA
NS500301:150:HLJVKAFX7:2:11101:2915:3890,AGAAACCT,AAAGCTAA,GTTTAAGTACTCTGTGCTGGAAACAG,CTACAAGGTAATTTCCGAAA
NS500301:150:HLJVKAFX7:2:11101:20323:3897,GTTAACGG,CAGGTAGC,GTTTAAGTACTCTGTGCTGGATACAG,GTACAAGGGACTTTCCGAAA
NS500301:150:HLJVKAFX7:2:11101:3104:3898,TGATGGTA,ATGTAGGG,GTTTAAGTACTCAGTGCAGGAAACAG,GTACAAGGGACTTTCCGAAA
NS500301:150:HLJVKAFX7:2:11101:15282:3901,TCGGTAAT,CCCTATAT,GTTTAAGTACTCTGTGCTGGAAACAG,GTACAAGGTACATAACGAAA
NS500301:150:HLJVKAFX7:2:11101:11956:3908,TGCGATGT,CTGGCCCG,GTTTAAGTACTCTGTGCTGGAAACAG,GTTCAAGGGACTTTCCGAAA
NS500301:150:HLJVKAFX7:2:11101:18256:3937,,GGGGATTA,,
NS500301:150:HLJVKAFX7:2:11101:20082:3949,CGGTAGTG,AACGAGCA,GTTTAAGTACTCTGTGCTGGAAACAG,GTACAAGGGACTTTCCGAAA
NS500301:150:HLJVKAFX7:2:11101:8657:3958,ATGTTTTT,ATGCGAGA,,
NS500301:150:HLJVKAFX7:2:11101:7310:3963,TGATTATT,TTTAGGAG,GTTTAAGTACTCTGTGCTGGAAACAG,GTACAAGGGACTTTCCGAAA
NS500301:150:HLJVKAFX7:2:11101:7524:3964,AGGTTGTC,ATAATTAG,GTTTAAGTACTCTGTGCTGGATACAG,GTACAAGGGACTTTCCGAAA
NS500301:150:HLJVKAFX7:2:11101:20099:3969,,GAAAGAAA,,
NS500301:150:HLJVKAFX7:2:11101:20764:3971,TTATGAGA,TTAGCCGA,GTTTAAGTACTCTGTGCTGGAAACAG,GTACAAGGGACTTTCCGAAT
NS500301:150:HLJVKAFX7:2:11101:2034:3990,GTTGACAG,ATATCGCG,GTTTAAGTACTCTGTGCTGGAAACAG,GTACAAGGGACTTTCCGAAA
NS500301:150:HLJVKAFX7:2:11101:16188:4001,GAAAAAAG,GAGGCTGC,GTTTAAGTACTCTGTGCTGGAAACAG,GTACAAGGGACTTTCCGAAA
NS500301:150:HLJVKAFX7:2:11101:12148:4021,GGAGACGC,GTGACTTA,GTTTAAGTACTCTGTGCTGGAATCAG,GTACAAGGGACTTTCCGAAA
NS500301:150:HLJVKAFX7:2:11101:24769:4022,GGAAGTGT,AGGGCGTA,GTTTAAGTACTCTGTGCTGGAAACAG,GTACAAGGGACTTTCCGAAA
NS500301:150:HLJVKAFX7:2:11101:25364:4036,,TATTTTCG,,
NS500301:150:HLJVKAFX7:2:11101:9320:4048,GAATCAGA,ACATAGAT,GTTTAAGTACTCTGTGCTGGAAACAG,GTAAAAGACACTTTCCGAAA
NS500301:150:HLJVKAFX7:2:11101:11414:4058,ATGTAAGA,ATCTATAT,GTTTAAGTACTCTGTGCTGGAAACAG,GTACAAGGGACTTTCCTATA
NS500301:150:HLJVKAFX7:2:11101:2587:4058,,ATTGAGTG,,
NS500301:150:HLJVKAFX7:2:11101:4045:4059,,TAAGTATC,,
NS500301:150:HLJVKAFX7:2:11101:4451:4071,TGTCTAAA,CTAAAAGG,GTTTAAGTACTCTGTGCTGGATACAG,GTACAAGGGACTTTCCGAAA
NS500301:150:HLJVKAFX7:2:11101:12655:4072,GTATTTCG,GATTCATT,GTTTAAGTACTCTGTGCTGGAAACAG,GTACAAGGGACTTTCCGAAA
NS500301:150:HLJVKAFX7:2:11101:23643:4091,AGGCGCCC,TGTAGGAC,GTTTAAGTACTCTGTGCTGGAAACAG,GTACAAGGGACTTTCCGAAA
NS500301:150:HLJVKAFX7:2:11101:16162:4103,AGAAAGAT,TAAAGGTT,GTTTAAGTACTCTGTGCTGGAAACAG,GTACAAGGGACTTTCCGAAA
NS500301:150:HLJVKAFX7:2:11101:9871:4112,GTTCAACT,AAAGCAGG,GTTTAAGTACTCTGTGCTGGAAACAG,GTTCAAGGGACTTTCCGAAA
NS500301:150:HLJVKAFX7:2:11101:23472:4115,ACAGTAGA,GTAAACAG,GTTTAAGTACTCTGTGCTGGAATCAG,GTACAAGCGACTTTCCGAAA
NS500301:150:HLJVKAFX7:2:11101:3882:4119,AAGCGATT,TATAGTCA,GTTTAAGTACTCTGTACTGGAATCAG,GTACAAGGGACTTTCCGAAA
NS500301:150:HLJVKAFX7:2:11101:9345:4131,CTTGGATG,GTCAGGGC,GTTTAAGTACTCTGTGCTGGAAACAG,GTAAAAGCGACTTTCCGAAA
NS500301:150:HLJVKAFX7:2:11101:7224:4171,GTTACGCG,GCGACGAA,GTTTAAGTACTCTGTGCTGGAAACAG,GTACAAGGGACTTTCCGAAA
NS500301:150:HLJVKAFX7:2:11101:13657:4186,GGTCCATA,AGCTGAAC,GTTTAAGTACTCTGTGCTGGAACCAG,GTACAAGGGACTTTCCGAAA
NS500301:150:HLJVKAFX7:2:11101:12567:4196,ACTACTGA,,,
NS500301:150:HLJVKAFX7:2:11101:17565:4199,TATTGGTG,CGTATCGG,GTTTAAGTACTCTGTGCTGGAAACAG,GTACAAGGGACTTTCCGAAA
NS500301:150:HLJVKAFX7:2:11101:25052:4200,TGTTTTCC,GAGCATAG,GTTTAAGTACTCTGTGCTGGAAACAG,GTACAAGGGACTTTCCGAAA
NS500301:150:HLJVKAFX7:2:11101:14424:4222,,TGTGGTTA,,
NS500301:150:HLJVKAFX7:2:11101:11711:4230,CTCGGCTA,CCCGTATG,GTTTAAGTACTCTGTGCTGGAAACAG,GTACAAGGGACTTTCCGAAA
NS500301:150:HLJVKAFX7:2:11101:1712:4231,,ACTACATG,,
NS500301:150:HLJVKAFX7:2:11101:1811:4239,,GTCTTAGC,,
NS500301:150:HLJVKAFX7:2:11101:25694:4247,GGGGACCG,,,
NS500301:150:HLJVKAFX7:2:11101:1386:4249,AGCCAAGG,,,
NS500301:150:HLJVKAFX7:2:11101:17128:4253,CCGTGGGG,TACCTAGC,GTTTAAGTACTCTGTGCTGGAAACAG,GTACAAGGGACTTTCCGAAA
NS500301:150:HLJVKAFX7:2:11101:23546:4256,TGGGCGGC,AACCAAAT,GTTTAAGTACTCTGTGCTGGAAACAG,AGCAAATATAGGTGAATTGT
NS500301:150:HLJVKAFX7:2:11101:23195:4268,GTCAATGG,CTAAACGT,GTTTAAGTACTCAGTGCTGGAATCAG,GTACAAGGGACTTTCCGAAA
NS500301:150:HLJVKAFX7:2:11101:8298:4273,GTAACTAC,GGCAAGGT,GTTTAAGTACTCTGTGCTGGAAACAG,GTACAAGGGACTTTCCGAAA
NS500301:150:HLJVKAFX7:2:11101:22658:4278,GTGGATTG,GTGAGCGT,GTTTAAGTACTCTGTGCTGGAAACAG,GTACAAGGGACTTTCCGAAA
NS500301:150:HLJVKAFX7:2:11101:20166:4306,ACGGAACG,CGTCCAAA,GTTTAAGTACTCTGTGCTGGAAACAG,GTACAAGGGACTTTCCGAAA
NS500301:150:HLJVKAFX7:2:11101:5810:4310,CTATGCAG,,,
NS500301:150:HLJVKAFX7:2:11101:21230:4311,,AAGAAATG,GTTTAAGTACTCTGTGCTGGAAACAG,GTACAAGGGACTTTCCGAAA
NS500301:150:HLJVKAFX7:2:11101:17374:4317,ATGATGGG,CTTGCTAG,GTTTAAGTACTCTGTGCTGGATACAG,GTACAAGGGACTTTCCGAAA
NS500301:150:HLJVKAFX7:2:11101:19246:4320,CGCTGAAG,GGGCTGTT,GTTTAAGTACTCTGTGCTGGAAACAG,GTACAAGGGACTTTCCGAAA
NS500301:150:HLJVKAFX7:2:11101:12851:4332,,CATATGTG,GTTTAAGTACTCTGTGCTGGATACAG,GTACAAGGGACTTTCCGAAA
NS500301:150:HLJVKAFX7:2:11101:18487:4336,TGGGGGGG,GAAGGATA,GTTTAAGTACTCTGTGCTGGAAACAG,GTACAAGGGACTTTCCGAAA
NS500301:150:HLJVKAFX7:2:11101:17177:4351,,CGGTATGT,GTTTAAGTACTCTGTGCTGGATACAG,GTACAAGGGACTTTCCGAAA
NS500301:150:HLJVKAFX7:2:11101:17810:4357,GTTAGCAA,TGCTCCGG,GTTTAAGTACTCTGTGCTGGAAACAG,GTACAAGGGACTTTCCGAAA
NS500301:150:HLJVKAFX7:2:11101:9592:4362,CACGTATG,TATGGTTA,GTTTAAGTACTCTGTGCTGGAAACAG,GTACAAGGGACTTTCCGAAA
NS500301:150:HLJVKAFX7:2:11101:11578:4375,TTTAGATC,GTATAAGC,GTTTAAGTACTCTGTGCTGGAAACAG,GTACAAGGGACTTTCCGAAT
NS500301:150:HLJVKAFX7:2:11101:6196:4388,TAAAAGTC,ATGGCAGG,GTTTAAGTACTCTGTGCTGGAAACAG,GTACAAGGGACTTTCCGAAA
NS500301:150:HLJVKAFX7:2:11101:8125:4391,,GCTTGAGG,GTTTAAGTACTCTGTGCTGGAAACAG,GTACAAGCGACTTTCCGAAA
NS500301:150:HLJVKAFX7:2:11101:23385:4399,AGGTACAG,GACCCAAT,GTTTAAGTACTCTGTGATGGAAACAG,TTACAAGGGACTTTCCGAAA
NS500301:150:HLJVKAFX7:2:11101:23128:4411,TTAGTGGC,TTGCAAAG,GTTTAAGTACTCTGTGCTGGATACAG,GTACAAGGGACTTTCCGAAA
NS500301:150:HLJVKAFX7:2:11101:6297:4430,ATAGTTTG,TATACGAT,GTTTAAGTACTCTGTGCTGGAAACAG,CTACAAGGGACTTTCCGAAA
NS500301:150:HLJVKAFX7:2:11101:20979:4433,,ATGTCTAG,GTTTAAGTACTCTGTGCTGGAAACAG,GTACAAGGGACTTTCCGAAA
NS500301:150:HLJVKAFX7:2:11101:15185:4433,,TTAGTTAA,,
NS500301:150:HLJVKAFX7:2:11101:22922:4442,,AACTCAGC,GTTTAAGTACTCTGTGCTGGAATCAG,GTACAAGGGACTTTCCGAAA
NS500301:150:HLJVKAFX7:2:11101:21785:4477,TGCCCGTT,GTAATGAT,GTTTAAGTACTCTGTGCTGGATACAG,GTACAAGGGACTTTCCGAAA
NS500301:150:HLJVKAFX7:2:11101:17571:4497,CGAACGAC,TACGAGAT,GTTTAAGTACTCTGTGCTGGACACAG,GTACAAGGGACTTTCCGAAA
NS500301:150:HLJVKAFX7:2:11101:5523:4498,AGATTAGG,CAACCGGG,GTTTAAGTACTCTGTGCTGGAAACAG,GTACAAGGGACTTTCCGAAA
NS500301:150:HLJVKAFX7:2:11101:4644:4499,CTCGTGAG,,,
NS500301:150:HLJVKAFX7:2:11101:13161:4516,CGGGGAGG,,,
NS500301:150:HLJVKAFX7:2:11101:12252:4518,TCAGTCCA,TGTCCCTG,GTTTAAGTACTCTGTGCTGGAAACAG,CTACAAGGGACTTTCCGAAA
NS500301:150:HLJVKAFX7:2:11101:5064:4524,TATGTTGC,GTGGATTG,GTTTAAGTACTCTGTGCTGGAAACAG,GTACAAGGGACTTTCCGAAA
NS500301:150:HLJVKAFX7:2:11101:12886:4529,CTAGATTT,AAGATGCG,GTTTAAGTACTCTGTGCTGGAAACAG,GTACAAGGGACTTTCCGAAA
NS500301:150:HLJVKAFX7:2:11101:15655:4535,AATCACGG,TGCAAGGT,GTTTAAGTACTCTGTGCTGGAAACAG,GTACAAGGGACTATCCGAAA
NS500301:150:HLJVKAFX7:2:11101:13152:4540,AAAATTAG,ATAGCGAA,GTTTAAGTACTCTGTGATGGAAACAG,CTAAACACTACAAACCGAAA
NS500301:150:HLJVKAFX7:2:11101:15345:4562,GTTGGTAG,AAGGCTTC,GTTTAAGTACTCAGTGCTGGAAACAG,GTACAAGGGACTTTCCGAAA
NS500301:150:HLJVKAFX7:2:11101:14442:4570,,GCGGCAAA,,
NS500301:150:HLJVKAFX7:2:11101:20653:4578,,CGTATATT,GTTTAAGTACTCTGTGCTGGAATAAG,GTACAAGGGACTTTCCGAAA
NS500301:150:HLJVKAFX7:2:11101:10797:4578,,TAAGGCGA,,
NS500301:150:HLJVKAFX7:2:11101:17040:4582,CATGTAGC,ATAAATAC,GTTTAAGTACTCTGTGCTGGAAACAG,GTAAAACGTACATTCCCAAA
NS500301:150:HLJVKAFX7:2:11101:19463:4586,,ATTTTGGG,,
NS500301:150:HLJVKAFX7:2:11101:22740:4590,GCTCAGGT,TACTCGGC,GTTTAAGTACTCTGTGCTGGAAACAG,GTACAAGGGACTTTCCGAAA
NS500301:150:HLJVKAFX7:2:11101:21858:4596,AGATGGGT,GTTTAAAG,GTTTAAGTACTCTGTGCTGGAAACAG,GTACAAGGGACTTTCCGAAA
NS500301:150:HLJVKAFX7:2:11101:8770:4598,CGTGAACG,AAGAGAAC,GTTTAAGTACTCTGTGCTGGAAACAG,GTACAAGGGACTTTCCGAAA
NS500301:150:HLJVKAFX7:2:11101:22303:4606,TTGTCTCT,TTGCACGT,GTTTAAGTACTCTGTGCTGGAAACAG,GTACAAGGGACTTTCCGAAA
NS500301:150:HLJVKAFX7:2:11101:23449:4607,,ATCACACA,,
NS500301:150:HLJVKAFX7:2:11101:22680:4607,GTGGTACG,TAAAGGCT,GTTTAAGTACTCTGTGCTGGAAACAG,GTACAAGGGACTTTCATAAA
NS500301:150:HLJVKAFX7:2:11101:13923:4608,TGGATGTG,GGGTCCTG,GTTTAAGTACTCTGTGCTGGAAACAG,GTACAAGGGACTTTCCGAAA
NS500301:150:HLJVKAFX7:2:11101:19606:4629,ATCCACGG,AAAACACT,GTTTAAGTACACAGTGCTGGAAACAG,GTACAAGGGACTTACCGAAA
NS500301:150:HLJVKAFX7:2:11101:21787:4641,,AAGGGAAC,,
NS500301:150:HLJVKAFX7:2:11101:16386:4642,TCTGGATG,TATGTGGC,GTTTAAGTACTCAGTGCTGGATACAG,GTACATTGTACGATCCGAAA
NS500301:150:HLJVKAFX7:2:11101:3195:4643,TCAATGGG,,,
NS500301:150:HLJVKAFX7:2:11101:7487:4653,TACTAATG,GTGGTACA,,
NS500301:150:HLJVKAFX7:2:11101:14966:4662,CCGGTAAC,CGAGAGTA,GTTTAAGTACTCTGTGCTGGAATCAG,GTACAAGGGACTTTCCGAAA
NS500301:150:HLJVKAFX7:2:11101:24507:4668,,GCTTTAAG,GTTTAAGTACTCTGTGCTGGAAACAG,GTACAAGGGACTTACCGAAT
NS500301:150:HLJVKAFX7:2:11101:21467:4675,,AGTACGTG,,
NS500301:150:HLJVKAFX7:2:11101:7441:4675,CAGAGTTC,GTTGATAG,GTTTAAGTACTCTGTGCTGGAAACAG,GTACAAGGGACTTTCCGAAA
NS500301:150:HLJVKAFX7:2:11101:16833:4681,GGGGGATT,TGTGACAT,GTTTAAGTACTCTGTGCTGGAAACAG,GTACAAGGGACTTTCCGAAA
NS500301:150:HLJVKAFX7:2:11101:17200:4684,,GTTTGATA,GTTTAAGTACTCTGTGCTGGAAACAG,GTACAAGGGACTTTCCGAAA
NS500301:150:HLJVKAFX7:2:11101:16710:4684,TAGTTGGT,CCTACGTG,GTTTAAGTACTCTGTGCTGGAAACAG,GTACAAGGGACTTTCCGAAA
NS500301:150:HLJVKAFX7:2:11101:22941:4702,ATGTGATT,,,
NS500301:150:HLJVKAFX7:2:11101:7565:4707,TAAGACAT,GAAAATTG,GTTTAAGTACTCTGTGCTGGAAACAG,GTACAAGGGACTTTCCGAAA
NS500301:150:HLJVKAFX7:2:11101:1852:4726,,CAGTGGTA,,
NS500301:150:HLJVKAFX7:2:11101:24868:4729,GCTTAATA,,,
NS500301:150:HLJVKAFX7:2:11101:19688:4730,CGGGGATG,GACAAATG,GTTTAAGTACTCTGTGCTGGAAACAG,GTACAAGGGACTTTCCGAAA
NS500301:150:HLJVKAFX7:2:11101:25428:4748,TTAGATAG,CAAAGGTA,GTTTAAGTACTCAGTGCTGGAAACAG,GTACTATAGCCTCTCCGAAC
NS500301:150:HLJVKAFX7:2:11101:18325:4750,TCCATGGT,GTCGGACA,GTTTAAGTACTCTGTGCTGGAAACAG,GTAGAATAGACTTTCCGAAA
NS500301:150:HLJVKAFX7:2:11101:12674:4752,GGGTTGTG,CCAGTTCT,GTTTAAGTACTCTGTGCTGGAATCAG,GTACAAGGGACTTTCCGAAA
NS500301:150:HLJVKAFX7:2:11101:15571:4752,TGCTGTGG,TGTTTATG,GTTTAAGTACTCTGTGCTGGATACAG,GTACAAGGGACTTTCCGAAA
NS500301:150:HLJVKAFX7:2:11101:25476:4778,AGATGAAG,TGAATCAG,,
NS500301:150:HLJVKAFX7:2:11101:3207:4778,GACCGACA,GTAATTTT,GTTTAAGTACTCTGTGCTGGATACAG,GTACAAGGGACTTTCCGAAA
NS500301:150:HLJVKAFX7:2:11101:5564:4790,ACTAAACA,AGCTGACA,GTTTAAGTACTCTGTGCTGGAAACAG,GTACAAGGGACTTTCCGAAA
NS500301:150:HLJVKAFX7:2:11101:23687:4797,,CAAGGTGA,GTTTAAGTACTCTGTGCTGGAAACAG,GTACAAGGGACTTTCCGAAA
NS500301:150:HLJVKAFX7:2:11101:20415:4800,AAAGATGA,AAATGTCA,GTTTAAGTACACAGTGCAGGAAACAG,GTACAAGGGACTTTCAGAAT
NS500301:150:HLJVKAFX7:2:11101:5055:4816,TCGGAGAG,AGGGTAAT,GTTTAAGTACTCTGTGCTGGAACCAG,GTACAAGGGACTTTCCGAAA
NS500301:150:HLJVKAFX7:2:11101:11970:4826,,GACCCATA,GTTTAATTCCTCTGTGATGGAAACAG,GTACAAGGGACTTACCGAAC
NS500301:150:HLJVKAFX7:2:11101:13952:4830,CTTGGATA,,,
NS500301:150:HLJVKAFX7:2:11101:9377:4840,CCACGCCA,TACTAGGG,GTTTAAGTACTCTGTGCTGGCTACAG,GTACAAGGGACTTTCCGAAA
NS500301:150:HLJVKAFX7:2:11101:26683:4856,CATCTGGA,GTGCCTTA,GTTTAAGTACTCTGTGCTGGAAACAG,GTACAAGGGACTTTCCGAAA
NS500301:150:HLJVKAFX7:2:11101:5531:4857,TCTGTGTT,GATTTGTA,GTTTAAGTACTCTGTGCTGGAAACAG,GTACAAGGGACTTTCCGAAA
NS500301:150:HLJVKAFX7:2:11101:21110:4862,AAGTATTC,CCCTGAAA,GTTTAAGTACTCTGTGCTGGAAACAG,GTACAAGGGACTTTCCGAAA
NS500301:150:HLJVKAFX7:2:11101:7958:4871,TATATGGC,ATCGGGTG,GTTTAAGTACTCAGTGCTGGAAAAAA,GTACAAGGGACTTTCCGAAA
NS500301:150:HLJVKAFX7:2:11101:24849:4878,,GGCTGGGG,,
NS500301:150:HLJVKAFX7:2:11101:11528:4880,,CGAATGTA,GTTTAAGTACTCTGTGCTGGAAACAG,GTACAAGGGACTTTCCGAAA
NS500301:150:HLJVKAFX7:2:11101:16337:4883,ACTGTTAA,,,
NS500301:150:HLJVKAFX7:2:11101:9774:4890,AGACGAGG,GGGATTGA,GTTTAAGTACTCTGTGCTGGATACAG,GTACAAGGGACTTTCCGAAA
NS500301:150:HLJVKAFX7:2:11101:13714:4899,,GGATATAA,GTTTAAGTACTCTGTGCTGGAAACAG,GTACAAGGGACTTTCCGAAA
NS500301:150:HLJVKAFX7:2:11101:15976:4908,ATAACGCT,GTGTGACA,,
NS500301:150:HLJVKAFX7:2:11101:7352:4911,ACTATACT,TGCATGCG,GTTTAAGTACTCTGTGCTGGATACAG,GTACAAGGGACTTTCCGAAA
NS500301:150:HLJVKAFX7:2:11101:21362:4930,,AAGGGCGG,,
NS500301:150:HLJVKAFX7:2:11101:6993:4932,TTATTTTA,AATGTAAT,GTTTAAGTACTCTGTGCTGGAAACAG,GAACCATGTAATATCAAATT
NS500301:150:HLJVKAFX7:2:11101:3200:4933,AGTAGAGT,CTTTGGTC,GTTTAAGTACTCTGTGATGGATACAG,GTACAAGGGACTTTCCGAAA
NS500301:150:HLJVKAFX7:2:11101:8817:4935,CAACAGTC,CAACTACT,GTTTAAGTACTCTGTGCTGGAAACAG,GTACAAGGGACTTTCCGAAA
NS500301:150:HLJVKAFX7:2:11101:13118:4942,GTCGACCG,,,
NS500301:150:HLJVKAFX7:2:11101:8183:4942,CACTTATT,AAATAGTA,GTTTAAGTACTCTGTGCTGGAAACAG,GTACAAGGGACTTTCCTAAA
NS500301:150:HLJVKAFX7:2:11101:6566:4943,,AGCTAATA,GTTTAAGTACTCAGTGCTGGAAAAAG,CTAAAAGGGACTATCCGAAT
NS500301:150:HLJVKAFX7:2:11101:21528:4950,ACTGCGAA,TTAACGTC,GTTTAAGTACTCTGTGCTGGAAACAG,GTACAAGGGACTTTCCGAAA
NS500301:150:HLJVKAFX7:2:11101:15966:4990,,GCCTAATA,GTTTAAGTACTCTGTGCTGGAAACAG,GTACAAGGGACTTTCCGAAA
NS500301:150:HLJVKAFX7:2:11101:13859:5009,GCAATTAA,GCAAAGGG,GTTTAAGTACTCTGTGCTGGAAACAG,CTGCTACCCACGCTCAGAAA
NS500301:150:HLJVKAFX7:2:11101:12112:5026,TGCATCCG,GTGCAAAT,,
NS500301:150:HLJVKAFX7:2:11101:5453:5031,TGCCAACC,CACATAGG,GTTTAAGTACTCTGTGCTGGAAACAG,GTACAAGGGACTTTCCGAAA
NS500301:150:HLJVKAFX7:2:11101:6193:5032,TAGGACGG,AAGTAACG,GTTTAAGTACTCTGTGCTGGAAACAG,GTACAAGGCACTTTCCGAAA
NS500301:150:HLJVKAFX7:2:11101:18871:5050,ATTCGAGT,AGGTAATC,GTTTAAGTACTCTGTGCTGGAAACAG,CTACAAGGGACTTTCCGAAA
NS500301:150:HLJVKAFX7:2:11101:16692:5063,,AAGCCGAG,GTTTAAGTACTCTGTGCTGGAATCAG,GTACAAGGGACTTTCCGAAA
NS500301:150:HLJVKAFX7:2:11101:20967:5069,GGGACAGA,CTGATGCG,GTTTAAGTACTCTGTGCTGGATAGAG,GTACAAGGGACTTTCCGAAA
NS500301:150:HLJVKAFX7:2:11101:19279:5072,CGCATCAG,TAAATGTG,GTTTAAGTACTCTGTGCTGGAAACAG,GTACAAGGGACTTTCCGAAA
NS500301:150:HLJVKAFX7:2:11101:11450:5074,GCAGGTTA,TCTGATCG,GTTTAAGTACTCTGTGCTGGAAACAG,GTACAAGGGACTTTCCGAAA
NS500301:150:HLJVKAFX7:2:11101:13575:5077,AAATGGGG,,,
NS500301:150:HLJVKAFX7:2:11101:11268:5082,AAATAGTC,ACCTATGA,GTTTAAGTACTCTGTGCTGGAAACAG,GTACAAGCTACTTTCCCAAA
NS500301:150:HLJVKAFX7:2:11101:7045:5100,GGCCTGTG,AAGGGTTC,GTTTAAGTACTCTGTGCTGGATACAG,GTACAAGGGACTTTCCGAAA
NS500301:150:HLJVKAFX7:2:11101:21236:5110,TCTAACAT,GAGTAACA,GTTTAAGTACTCTGTGCTGGAAACAG,GTACAAGGGACTTTCCGAAA
NS500301:150:HLJVKAFX7:2:11101:9354:5129,ACATATTC,TGATCTTG,GTTTAAGTACTCTGTGCTGGATACAG,GTACAAGGGACTTTCCGAAA
NS500301:150:HLJVKAFX7:2:11101:4871:5136,GGAGGATA,GGAAAAGG,,
NS500301:150:HLJVKAFX7:2:11101:12133:5136,,ACGAGATG,,
NS500301:150:HLJVKAFX7:2:11101:14904:5150,GGTGTGGA,CTTTGGAG,GTTTAAGTACTCTGTGCTGGAAACAG,GTACGAGGGACTTTCCGAAA
NS500301:150:HLJVKAFX7:2:11101:4975:5150,,GGAAGGCA,GTTTAAGTACTCTGTGCTGGAAATAG,GTACAAGGGACTTTCCGAAA
NS500301:150:HLJVKAFX7:2:11101:8860:5155,ATATACGG,CCTTTGGG,GTTTAAGTACTCTGTGCTGGATACAG,GTACAAGGGACTTTCCGAAA
NS500301:150:HLJVKAFX7:2:11101:24566:5161,ATCTAGGA,GCATAGTA,,
NS500301:150:HLJVKAFX7:2:11101:3427:5162,GTATGCCC,ACGTAAGG,GTTTAAGTACTCTGTGCTGGAAACAG,GTACAAGGGACTTTCCGAAA
NS500301:150:HLJVKAFX7:2:11101:16273:5169,ACTAGACC,TGACAATG,,
NS500301:150:HLJVKAFX7:2:11101:23824:5174,TCACCGTC,GGGCATAG,GTTTAAGTACTCTGTGCTGGAAACAG,GTACAAGGGACTTTCCGAAA
NS500301:150:HLJVKAFX7:2:11101:25409:5184,,AAGGGAAA,GTTTAAGTACTCTGTGCTGGAAACAG,GTACAAGGGACTTTCCGAAA
NS500301:150:HLJVKAFX7:2:11101:8105:5184,GTTGTGCT,GTCAAGTG,GTTTAAGTACTCTGTGCTGGAAACAG,GTACAAGGGACTTTCCGAAA
NS500301:150:HLJVKAFX7:2:11101:13939:5189,,TATTAGAA,,
NS500301:150:HLJVKAFX7:2:11101:13884:5201,,CTTAACTG,GTTTAAGTACTCTGTGCTGGAAACAG,GTACAAGGGACTTTCCGAAA
NS500301:150:HLJVKAFX7:2:11101:21777:5208,,GCCAGGTG,,
NS500301:150:HLJVKAFX7:2:11101:8909:5210,AGAAGACA,AGGTTACG,GTTTAAGTACTCTGTGCTGGAATCAG,GTACAATCGACTTTACGAAA
NS500301:150:HLJVKAFX7:2:11101:5443:5228,TCATTGAT,TCCAAATA,GTTTAAGTACTCTGTGCTGGAAACAG,GTACAAGGGACTTTCCGAAA
NS500301:150:HLJVKAFX7:2:11101:14068:5238,,GTGCGGGT,GTTTAAGTACTCTGTGCTGGAAACAG,GTACAAGGGACTTTCCGAAA
NS500301:150:HLJVKAFX7:2:11101:12330:5238,,GGCACGAA,GTTTAAGTACTCTGTGCTGGATACAG,GTACAAGGGACTTTCCGAAA
NS500301:150:HLJVKAFX7:2:11101:23533:5239,GTAAGGAT,ACAAAGCA,GTTTAAGTACTCTGTGCTGGAAACAG,CTACACTACACTATCTGACA
NS500301:150:HLJVKAFX7:2:11101:21863:5240,GCGCCACC,CGATGGGG,GTTTAAGTACTCTGTGCTGGAAACAG,GTACAAGGGACTTTCCGAAA
NS500301:150:HLJVKAFX7:2:11101:4557:5241,,TTAATCAT,,
NS500301:150:HLJVKAFX7:2:11101:19549:5242,,GTGGTATA,GTTTAAGTACTCTGTGCTGGATTCAG,GTACAAGGGACTTTCCGAAA
NS500301:150:HLJVKAFX7:2:11101:3331:5245,CATGTTTG,AAACACGA,GTTTAAGTACTCTGTGCTGGAAACAG,GTACAAGGGACTTTCCGAAA
NS500301:150:HLJVKAFX7:2:11101:21249:5250,,CGGTAGAT,GTTTAAGTACTCTGTGCTGGAATCAG,GTACAAGGGACTTTCCGAAA
NS500301:150:HLJVKAFX7:2:11101:13771:5252,ACATTTCA,TGTATAAA,GTTTAAGTACTCTGTGCTGGAAACAG,GTACAACGGACTTTCCGAAA
NS500301:150:HLJVKAFX7:2:11101:9169:5259,,CGAGGATC,GTTTAAGTACTCTGTGCTGGAAACAG,GTACAAGGGACTTTCCGAAA
NS500301:150:HLJVKAFX7:2:11101:1026:5261,GTGTGGGT,,,
NS500301:150:HLJVKAFX7:2:11101:12252:5264,ATTGGATC,AAATTCTA,GTTTAAGTACTCTGTGCTGGAAACAG,GTACAAGGGACTTTCCGAAA
NS500301:150:HLJVKAFX7:2:11101:9766:5268,GGCTTAAG,TCAGTCAA,GTTTAAGTACTCTGTGCAGGATAAAG,GTACAAGGGACATTCCGAAA
NS500301:150:HLJVKAFX7:2:11101:15132:5285,CGATATAA,TTTTCGGA,GTTTAAGTACTCTGTGCTGGAAACAG,GTACAAGGGACTTTCCGAAA
NS500301:150:HLJVKAFX7:2:11101:11822:5293,TACGCCGG,ATGGGGAG,GTTTAAGTACTCTGTGCTGGAAACAG,GTACAAGGGACTTTCCGAAA
NS500301:150:HLJVKAFX7:2:11101:22715:5322,,ATGCTCGA,,
NS500301:150:HLJVKAFX7:2:11101:16030:5331,,TCTAGGAT,GTTTAAGTACTCTGTGCTGGATACAG,GTACAACGGACTTTCCGAAA
NS500301:150:HLJVKAFX7:2:11101:20512:5339,GAAATCGC,CGATCCGG,GTTTAAGTACTCTGTGCTGGAAACAG,CTACAAGGGACTATCCTAAA
NS500301:150:HLJVKAFX7:2:11101:5125:5353,AGGAGACA,,,
NS500301:150:HLJVKAFX7:2:11101:4752:5365,,TTGTTGCG,,
NS500301:150:HLJVKAFX7:2:11101:11618:5368,,GGCTATTG,,
NS500301:150:HLJVKAFX7:2:11101:17867:5371,GTGCTCAC,CTTGCTGG,GTTTAAGTACTCTGTGCTGGAAACAG,GTACAAGGGACTTTCCGAAA
NS500301:150:HLJVKAFX7:2:11101:19119:5392,GTGTTGGA,,,
NS500301:150:HLJVKAFX7:2:11101:24461:5428,,GTCTGATG,GTTTAAGTACTCTGTGCTGGAAACAG,GTACAAGGGACTTTCCGAAA
NS500301:150:HLJVKAFX7:2:11101:6713:5433,GTAACAGC,,,
NS500301:150:HLJVKAFX7:2:11101:21106:5435,,GGTGACTT,GTTTAAGTACTCTGTGATGGAAACAG,GTACAAGTGACTTTCCGAAA
NS500301:150:HLJVKAFX7:2:11101:11609:5443,,AGTAATGG,,
NS500301:150:HLJVKAFX7:2:11101:6699:5455,GGAACCGG,GGCAAGGA,GGATAAGTACTCTGTGCTGGAAACAC,GTACAAGGGACTTTCCGAAA
NS500301:150:HLJVKAFX7:2:11101:14020:5477,CGGCGGGA,TCCGTTCG,GTTTAAGTACTCTGTGCTGGATACAG,GTACAAGGGACTTTCCGAAA
NS500301:150:HLJVKAFX7:2:11101:11723:5489,AAGGCCCC,ATTATTAA,GTTTAAGTACTCTGTGCTGGAAACAG,GTACAAGGGACTTTCCGAAA
NS500301:150:HLJVKAFX7:2:11101:15884:5496,GGGGACAT,GTTTGGAG,GTTTAAGTACTCTGTGCTGGAAACAG,GTACAAGGGACTTTCCGAAA
NS500301:150:HLJVKAFX7:2:11101:21838:5497,TGGGGTGG,AGATGCTA,GTTTAAGTACTCTGTGCTGGAAACAG,GTACAAGGGACTTTCCGAAA
NS500301:150:HLJVKAFX7:2:11101:2131:5504,GCCAGGCA,CGAAACAG,,
NS500301:150:HLJVKAFX7:2:11101:24657:5517,TATTTATG,ACGGCATA,GTTTAAGTACTCTGTGCTGGAAACAG,GTACAAGGGACTTTCCGAAA
NS500301:150:HLJVKAFX7:2:11101:3132:5522,,GGTACGGA,,
NS500301:150:HLJVKAFX7:2:11101:1236:5529,,GAGGCTTG,,
NS500301:150:HLJVKAFX7:2:11101:2783:5533,,ACAAAGCA,GTTTAAGTACTCTGTGCTGGAAACAG,GTACAAGGGACTTTCCGAAA
NS500301:150:HLJVKAFX7:2:11101:22049:5536,TTGGAATC,AACATTAA,GTTTAAGTACTCTGTGCTGGAAACAG,GTACAAGTGACTTTCCGAAA
NS500301:150:HLJVKAFX7:2:11101:5659:5542,CGTCCAGG,CAAAAAGT,GTTTAAGTACTCTGTGCTGGAAACAG,GTACAAGGGACTTTCCGAAA
NS500301:150:HLJVKAFX7:2:11101:5093:5549,ATCGTGGT,CTCTAGTT,GTTTAAGTACTCTGTGCTGGAAACAG,GTACAAGGGACTTTCCGAAA
NS500301:150:HLJVKAFX7:2:11101:8082:5552,CTTTCGGG,CCAAACGA,GTTTAAGTACTCTGTGCTGGAAACAG,GTACAAGGGAGTTTCCGAAA
NS500301:150:HLJVKAFX7:2:11101:14520:5557,,GGCAAGGG,GTTTAAGTACTCTGTGCTGGATACAG,GTACAAGGGACTTTCCGAAA
NS500301:150:HLJVKAFX7:2:11101:16648:5569,TTTAGATT,GTTAAAGC,GTTTAAGTACTCTGTGCTGGAAACAG,GTACAAGGGACTTTCCGAAA
NS500301:150:HLJVKAFX7:2:11101:15288:5572,CCCGAGTT,TGATAACA,GTTTAAGTACTCTGTGCTGGAAACAG,GTAAACAAAAATAGCTAAAA
NS500301:150:HLJVKAFX7:2:11101:14753:5592,AGTTGTAA,CTGCCAGG,GTTTAAGTACTCTGTGCTGGAAACAG,GGACAAGGGACTTTCCGAAA
NS500301:150:HLJVKAFX7:2:11101:19521:5597,TAGGACGG,CAAACAAG,GTTTAAGTACTCTGTGCTGGATACAG,GTACAAGGGACTTTCCGAAA
NS500301:150:HLJVKAFX7:2:11101:2740:5621,,TGGATAGT,,
NS500301:150:HLJVKAFX7:2:11101:22410:5652,TGAACGCC,TTAGCCAC,GTTTAAGTACTCTGTGCTGGAAACAG,GTACAAGGGACTTTCCGAAA
NS500301:150:HLJVKAFX7:2:11101:10613:5658,CCCAATAG,ATATCCAA,,
NS500301:150:HLJVKAFX7:2:11101:15580:5660,,GGTTTTCC,,
NS500301:150:HLJVKAFX7:2:11101:17616:5661,,ATGGAGAT,GTTTAAGTACTCAGTGCTGGAAACAG,GTACAAGCGACTTTCAGAAA
NS500301:150:HLJVKAFX7:2:11101:21274:5662,AATGTATA,,,
NS500301:150:HLJVKAFX7:2:11101:25151:5662,GTCGCACT,,,
NS500301:150:HLJVKAFX7:2:11101:21623:5667,TGACGCAG,GCAGATGT,GTTTAAGTACTCTGTGCTGGAAACAG,GTACAAGGGACTTTCCGAAA
NS500301:150:HLJVKAFX7:2:11101:24484:5676,AGTTCGGA,TGATGTTG,GTTTAAGTACTCTGTGCTGGAAACAG,GTTCAACGGACTTTCCGAAA
NS500301:150:HLJVKAFX7:2:11101:11771:5689,,AGGATATA,GTTTAAGTACTCTGTGCTGGATACAG,GTACAAGGGACTTTCCGAAA
NS500301:150:HLJVKAFX7:2:11101:21397:5697,CTGGGCGT,CATTGCTA,GTTAAAGTACTCTGTGCTGGAAACAG,GTACAAGGGACTTTCCGAAA
NS500301:150:HLJVKAFX7:2:11101:24045:5708,,GATACAAT,GTTTAAGTACTCTGTGCTGGAATCAG,GTACAAGGGACTTTACGAAA
NS500301:150:HLJVKAFX7:2:11101:21847:5710,TAGGGGGA,AGGATATG,GTTTAAGTACTCTGTGCTGGAAACAG,GTACAAGGGACTTTCCGAAA
NS500301:150:HLJVKAFX7:2:11101:17094:5745,TATTCGTC,,,
NS500301:150:HLJVKAFX7:2:11101:16931:5782,CGGCGGAG,CAATTGAG,GTTTAAGTACTCTGTGCTGGATACAG,GTACAAGGGACTTTCCGAAA
NS500301:150:HLJVKAFX7:2:11101:22194:5796,GATTCTGT,GAGGAAGT,GTTTAAGTACTCTGTGCTGGAAACAG,GTACAAGGGACTTTCCGAAA
NS500301:150:HLJVKAFX7:2:11101:25353:5797,GGTGGCAG,AGCTAAAT,GTTTAAGTACTCTGTGCTGGAAACAG,GTACAAGGGACTTTCCGAAA
NS500301:150:HLJVKAFX7:2:11101:24502:5839,TTTCTGGT,AGTGGTAA,GTTTAAGTACTCTGTGCTGGAAACAG,GTACAAGGGACTTTCCGAAA
NS500301:150:HLJVKAFX7:2:11101:21960:5846,GGTGCGGG,TCCACACT,GTTTAAGTACTCTGTGCTGGAAACAG,GTACAAATGACTATCCGAAA
NS500301:150:HLJVKAFX7:2:11101:14309:5850,,GTGTTCAG,GTTTAAGTACTCTGTGCTGGAAACAG,GTACAAGGGACTTTCCGAAA
NS500301:150:HLJVKAFX7:2:11101:23951:5856,GTTTGAAC,GTAGCGGG,GTTTAAGTACTCTGTGCTGGAAACAG,GTACAAGGGACTTTCCGAAA
NS500301:150:HLJVKAFX7:2:11101:13148:5872,GGTGAAGC,AAATGGTA,GTTTAAGTACTCTGTGCTGGAAACAG,GTACAAGGGACTTACCGAAA
NS500301:150:HLJVKAFX7:2:11101:10391:5875,,AGCTTTGC,GTTTAAGTACTCTGTGCTGGAAACAG,GTACAAGGGACTTTCCGAAA
NS500301:150:HLJVKAFX7:2:11101:16589:5881,AGGGTAAA,,,
NS500301:150:HLJVKAFX7:2:11101:15799:5882,GGCGAGGA,ATTGTGGA,GTTTAAGTACTCTGTGCTGGAAACAG,GTACAAGGGCCTTTCCGAAA
NS500301:150:HLJVKAFX7:2:11101:22473:5897,,TAGTACTT,GTTTAAGTACTCTGTGCTGGACACAG,GTACAAGGGACTTTCCGAAA
NS500301:150:HLJVKAFX7:2:11101:1694:5906,GCTCATGC,AGCTCAGA,GTTTAAGTACTCTGTGCTGGATACAG,GTAAAAGGGACTTTCCGAAA
NS500301:150:HLJVKAFX7:2:11101:14494:5912,,CGGTACTA,GTTTAAGTACTCTGTGCTGGAAACAG,GTACAAGGGACTTTCCGAAA
NS500301:150:HLJVKAFX7:2:11101:4924:5915,,TTTGTCAA,GTTTAAGTACTCTGTGCTGGAAACAG,GTACAAGGGACTTTCCGAAA
NS500301:150:HLJVKAFX7:2:11101:7852:5920,TGGCAGTG,CTCGAATG,GTTTAAGTACTCTGTGCTGGAAACAG,GTACAAGGGACTTTCCGAAA
NS500301:150:HLJVKAFX7:2:11101:12689:5920,,TTGTTATG,GTTTAAGTACTCTGTGCTGGAAACAG,GTACAAGGGACTTTCCGAAA
NS500301:150:HLJVKAFX7:2:11101:10422:5922,GTCCGAAC,ACAATAGC,GTTTAAGTACTCTGTGCTGGAAACAG,GTACAAGGGACTTTCCGAAA
NS500301:150:HLJVKAFX7:2:11101:24713:5924,,TAGACGAG,GTTTAAGTACTCTGTGCTGGAAACAG,GTACAAGGGACTTTCCGAAA
NS500301:150:HLJVKAFX7:2:11101:18135:5930,AGATCCTC,GATAAGGC,GTTTAAGTACTCTGTGCTGGAAACAG,GTACAACGGAGTTTCCGCTA
NS500301:150:HLJVKAFX7:2:11101:4870:5949,TGAATCGT,CGTACTGG,GTTTAAGTACTCTGTGCTGGAATCAG,GTACAAGGGACTTTCCGAAA
NS500301:150:HLJVKAFX7:2:11101:24224:5954,,AAACTTTG,,
NS500301:150:HLJVKAFX7:2:11101:13471:5996,AATGTCTA,ATAGACTA,GTTTAAGTACTCTGTGCTGGAAACAG,GTACAAGGGACTTTCCGAAA
NS500301:150:HLJVKAFX7:2:11101:17008:5999,AAGGGCAA,AGCTAAGA,GTTTAAGTACTCTGTGCTGGAAACAG,GTACAAGGGACTTTCCGAAA
NS500301:150:HLJVKAFX7:2:11101:14280:6024,,CTTGTTGC,GTTTAAGTACTCTGTGCTGGAAACAG,GTACAAGGGACTTTCCGAAA
NS500301:150:HLJVKAFX7:2:11101:10934:6032,TTTGGGCC,CGGCAACG,GTTTAAGTACTCTGTGCTGGAAACAG,GTACAAGGGACTTTCCGAAA
NS500301:150:HLJVKAFX7:2:11101:8558:6034,GTAACGAG,AGGGAGTG,GTTTAAGTACTCTGTGCTGGAAACAG,GTACAAGGGACTTTCCGAAA
NS500301:150:HLJVKAFX7:2:11101:7878:6035,GTGTGGAA,CATCTCAG,GTTTAAGTACTCTGTGCTGGAAACAG,GTACAAGGGACTTTCCGAAA
NS500301:150:HLJVKAFX7:2:11101:25640:6038,ATGCAACT,GTTGGAAT,GTTTAAGTACTCTGTGCTGGAAACAG,GTACAAGGGACTTTCCGAAA
NS500301:150:HLJVKAFX7:2:11101:8575:6042,AATCATCT,ACGAAACT,,
NS500301:150:HLJVKAFX7:2:11101:24010:6049,AAGCATAC,ACGATTGT,GTTTAAGTACTCTGTGCTGGAATCAG,CTACATGTGAGTTTCCGAAA
NS500301:150:HLJVKAFX7:2:11101:23178:6065,,CATCCGAT,,
NS500301:150:HLJVKAFX7:2:11101:1561:6069,,TATGGAGA,,
NS500301:150:HLJVKAFX7:2:11101:19306:6070,GGGGTCAT,CGGATGGG,,
NS500301:150:HLJVKAFX7:2:11101:2742:6088,GACTGAGC,GAATGTTT,GTTTAAGTACTCTGTGCTGGAAACAG,CTACAAGAGAATCTCCGAAA
NS500301:150:HLJVKAFX7:2:11101:7275:6108,,AAATGCCC,,
NS500301:150:HLJVKAFX7:2:11101:25382:6115,TCAGGAGC,GGAACGTA,GTTTAAGTACTCTGTGCTGGAAACAG,GTACAAGGGACTTTCCGAAA
NS500301:150:HLJVKAFX7:2:11101:17898:6118,AGGAGGGA,CTTCAAGG,GTTTAAGTACTCTGTGCTGGAAACAG,GTACAAGGGACTTTCCGAAA
NS500301:150:HLJVKAFX7:2:11101:20897:6125,CAGGGTTT,ACAAATAA,GTTTAAGTACTCTGTGCTGGAAACAG,GTACAAGGGACTTTCCGAAA
NS500301:150:HLJVKAFX7:2:11101:15707:6129,ATCAAAGC,GTGCCTCT,GTTTAAGTACTCTGTGCTGGAAACAG,GTACAAGGGACTTTCCGAAA
NS500301:150:HLJVKAFX7:2:11101:19058:6132,TTTTAGGT,ATGCAGGA,GTTTAAGTACTCTGTGCTGGAAACAG,GTACAAGGGACTTTCCGAAA
NS500301:150:HLJVKAFX7:2:11101:21325:6132,,CGCAATGC,,
NS500301:150:HLJVKAFX7:2:11101:18887:6142,CCATTGGG,TGGATATG,GTTTAAGTACTCTGTGCTGGAAACAG,GTACAAGGGACTTTCCGAAA
NS500301:150:HLJVKAFX7:2:11101:22651:6147,CGGCCGGG,TGTGTATG,GTTTAAGTACTCTGTGCTGGAAACAG,GTACAAGGGACTTTCCGAAA
NS500301:150:HLJVKAFX7:2:11101:17999:6151,GTCGCACA,TCAAAGCG,GTTTAAGTACACTGTGCTGGATACAG,GAAAAATGGACTTACAGAAA
NS500301:150:HLJVKAFX7:2:11101:15912:6161,,TTTCTAGA,GTTTAAGTACTCTGTGCTGGAAACAG,GTACAAGGGACTTTCCGAAA
NS500301:150:HLJVKAFX7:2:11101:4566:6182,CTGGACTG,GTCTTTGT,GTTTAAGTACTCTGTGCTGGAAACAG,GTACAAGGGACTTTCCGAAA
NS500301:150:HLJVKAFX7:2:11101:8767:6185,TTTGGGGC,ATTGTGTC,GTTTAAGTACTCTGTGCTGGAAACAG,GTACAAGGGACTTTCCGAAA
NS500301:150:HLJVKAFX7:2:11101:14585:6200,ATGTGGAG,GCAGCGTA,GTTTAAGTACTCTGTGCTGGAAACAG,GTACAAGGGACTTTCCGAAA
NS500301:150:HLJVKAFX7:2:11101:21289:6215,GCTGGGTT,CGTGGGGT,,
NS500301:150:HLJVKAFX7:2:11101:20993:6215,TTTACTTT,ATGGCCGA,GTTTAAGTACTCTGTGCTGGAAACAG,GTACAAGGGACTTTCCGAAA
NS500301:150:HLJVKAFX7:2:11101:7214:6228,GATAGTGT,CAGTAGCG,GTTTAAGTACTCTGTGCTGGAAACAG,GTACAAGGGACTTTCCGAAA
NS500301:150:HLJVKAFX7:2:11101:20998:6229,,GGGAATGT,GTTTAAGTACTCTGTGCTGGAAACAG,GTACAAGGGACTTTCCGAAA
NS500301:150:HLJVKAFX7:2:11101:14109:6230,TTGCTACT,,GTTTAAGTACTCTGTGCTGGAAACAG,GTACAAGGGACTTTCCGAAA
NS500301:150:HLJVKAFX7:2:11101:3944:6237,GCATGAGG,AATAATTG,GTTTAAGTACTCTGTGCTGGAAACAG,GAACAACGGACTTTCCGAAA
NS500301:150:HLJVKAFX7:2:11101:7659:6253,CTGCAAAG,ATAAAGAA,TTTTAAGTACACTGTGCTGGAAACAG,CAATATTATTATGAGGAGAAA
NS500301:150:HLJVKAFX7:2:11101:5866:6258,,GCTTATTG,GTTTAAGTACTCTGTGCTGGAAACAG,GTACAAGGGACTTTCCGAAA
NS500301:150:HLJVKAFX7:2:11101:17087:6269,GGCCGTGC,GTACGGGT,GTTTAAGTACTCTGTGCTGGAAACAG,GTACAAGGGACTTTCCGAAA
NS500301:150:HLJVKAFX7:2:11101:16549:6275,GGTGTTAA,AATAGTTG,GTTTAAGTACTCTGTGCTGGATACAG,GTACAAGGGACTTTCCGAAA
NS500301:150:HLJVKAFX7:2:11101:5871:6279,TGAGGTGG,CATAAAAT,GTTTAAGTACTCTGTGCTGGAAACAG,GTACAAGGGACTTTCCGAAA
NS500301:150:HLJVKAFX7:2:11101:23589:6290,AGGTGTGG,AAGGTGAT,GTTTAAGTACTCTGTGCTGGAATCAG,GTACAAGGGACTTTCCGAAA
NS500301:150:HLJVKAFX7:2:11101:16049:6296,CTCAGTGG,TTACTAGC,GTTTAAGTACTCTGTGCTGGAAACAG,GTACAAGGGACTTTCCGAAA
NS500301:150:HLJVKAFX7:2:11101:23611:6341,TAGGCAAG,TCCTGAAG,,
NS500301:150:HLJVKAFX7:2:11101:17105:6346,TTGGTGGC,GGTGACAC,GTTTAAGTACTCTGTGCTGGAAAACA,GTACAAGGGACTTTCCTAAA
NS500301:150:HLJVKAFX7:2:11101:25111:6349,AGACTATA,CTGGGTAA,GTTTAAGTACTCTGTGCTGGAAACAG,GTACAAGGGACTTTCCGAAA
NS500301:150:HLJVKAFX7:2:11101:23753:6350,CTTAATAT,GCGGCGAG,GTTTAAGTACACAGTGCTGGAAAAAG,GTACAAGGGACTTTCCGAAA
NS500301:150:HLJVKAFX7:2:11101:26129:6352,,TGATGCGG,GTTTAAGTACTCTGTGCTGGAAACAG,GTACAAGGGACTTTCCGAAA
NS500301:150:HLJVKAFX7:2:11101:19618:6355,,CCAAAGAG,GTTTAAGTACTCTGTGCTGGAAACAG,GTACAAGGGACTTTCCGAAA
NS500301:150:HLJVKAFX7:2:11101:18281:6361,GGGACTAC,ATTCAGGA,GTTTAAGTACTCTGTGCTGGAAACAG,GTACAAGGGACTTTCCGAAA
NS500301:150:HLJVKAFX7:2:11101:6282:6378,CGGGGGCA,GTTTAGCG,GTTTAAGTACTCTGTGCTGGAAACAG,GTACAAGGGACTTTCCGAAA
NS500301:150:HLJVKAFX7:2:11101:21383:6383,ATCTGAAG,AACGAGTA,GTTTAAGTACTCTGTGCTGGAAACAG,ATAAAAGTCACTTACCTAAA
NS500301:150:HLJVKAFX7:2:11101:4370:6387,GGGGCTGA,GGCAGTTG,,
NS500301:150:HLJVKAFX7:2:11101:5861:6405,GAGCGCAC,AGGATCAA,GTTTAAGTACTCTGTGCTGGAAACAG,CTACAAGGGACTTTCCGAAA
NS500301:150:HLJVKAFX7:2:11101:19781:6423,TCGGCTTT,AAAGGTGA,GTTTAAGTACTCTGTGCTGGAAACAG,GTACAAGGGACTTTCCGAAA
NS500301:150:HLJVKAFX7:2:11101:15313:6432,GAATTCAA,GAGCCATA,GTTTAAGTACTCTGTGCTGGATACAG,CTACAAGGGACTTTCCAAAA
NS500301:150:HLJVKAFX7:2:11101:4706:6437,CTTTGCAA,TGTCTCGA,GTTTAAGTACTCTGTGCTGGAAACAG,GTACAAGGGACTTTCCGAAA
NS500301:150:HLJVKAFX7:2:11101:26315:6442,TCACACAC,ATATATAA,GTTTAAGTACTCTGTGCTGGAAACAG,CAACAATGGACATTCCGAAA
NS500301:150:HLJVKAFX7:2:11101:25214:6449,TGCGCCTG,,,
NS500301:150:HLJVKAFX7:2:11101:23529:6494,GGAGCAGC,TGCGAGAA,GTTTAAGTACTCTGTGCTGGAAACAG,GTACAAGGGACTTTCCGAAA
NS500301:150:HLJVKAFX7:2:11101:1176:6508,TCGTGCGG,TATAAGCG,GTTTAAGTACTCTGTGCTGGAAACAG,GTACAAGGGACTTTCCGAAA
NS500301:150:HLJVKAFX7:2:11101:5896:6518,CTGTTATG,AATAAAAG,GTATAAGTACTCTGTGCTGGAAACAG,GTACAAGGGACTAACCGAAA
NS500301:150:HLJVKAFX7:2:11101:7769:6522,,CTTGTTAA,GTGTAAGTACTCTGTGCTGGAATCAG,GTACAAGGGACTTTCCGAAA
NS500301:150:HLJVKAFX7:2:11101:12510:6532,ACAATCGA,AGCCCGAT,GTTTAAGTACTCTGTGCTGGAATCAG,GTACAAGGGACTTTCCGAAA
NS500301:150:HLJVKAFX7:2:11101:23083:6533,,,GTTTAAGTACTCAGTGCTGGAAAAAG,GTACAAGGGACTTTCCGAAA
NS500301:150:HLJVKAFX7:2:11101:6922:6539,CCTGGCGT,GTTTGTGA,,
NS500301:150:HLJVKAFX7:2:11101:9779:6544,,GCTTACAT,GTTTAAGTACTCTGTGCTGGAAACAG,GTACAAGGGACTTTCCGAAA
NS500301:150:HLJVKAFX7:2:11101:22602:6558,ACAGTTTT,CTTGAATG,GTTTAAGTACTCTGTGCTGGAAACAG,GTACAAGGGACTTTCCGAAA
NS500301:150:HLJVKAFX7:2:11101:18203:6558,TAACGAAT,ATTATATG,GTTTAAGTACTCTGTGCTGGAAACAG,GTACAAGGGACTTTCCGAAA
NS500301:150:HLJVKAFX7:2:11101:26723:6563,,AGGTAACA,GTTTAAGTACTCTGTGCTGGAAAGAG,GTACAAGGGACTTTCCGAAA
NS500301:150:HLJVKAFX7:2:11101:18754:6564,TGCGGGAT,ATATTGCA,GTTTAAGTACTCTGTGCTGGAAACAG,GAACAACCCACTTACCGAAA
NS500301:150:HLJVKAFX7:2:11101:7761:6570,CTTATCGG,,,
NS500301:150:HLJVKAFX7:2:11101:5844:6571,AAGGGACG,GGTAATAG,,
NS500301:150:HLJVKAFX7:2:11101:24681:6577,,TAAATCAT,GTTTAAGTACTCTGTGATGGAATCAG,GTACAAGGGACTTTCCGAAA
NS500301:150:HLJVKAFX7:2:11101:2458:6588,ATGGCGAG,ACGTAAGA,GTTTAAGTACTCTGTGCTGGAAACAG,GTACAAGTGACTTTCCGAAA
NS500301:150:HLJVKAFX7:2:11101:8461:6592,TCAGTGGA,AACTGGCG,GTTTAAGTACTCTGTGATGGAAAAAG,GTACAACGGACTTACCGAAA
NS500301:150:HLJVKAFX7:2:11101:23802:6619,TACTGGGG,AAGGTCAA,GTTTAAGTACTCTGTGCTGGAAACAG,GTACAAGGGACTTTCAGAAA
NS500301:150:HLJVKAFX7:2:11101:12146:6626,TACTGTCA,GGATCATG,GTTTAAGTACTCTGTGCTGGAAACAG,GTACAAGGGACTTTCCGAAA
NS500301:150:HLJVKAFX7:2:11101:5890:6637,TCAATGCA,CAGGAAAG,GTTTAAGTACTCTGTGCTGGAAACAG,GTACAAGGGAATTTCAGAAA
NS500301:150:HLJVKAFX7:2:11101:9569:6637,TCTGACGG,,,
NS500301:150:HLJVKAFX7:2:11101:23614:6648,TAGGAGGG,TAACATCG,GTTTAAGTACTCTGTGCTGGAAACAG,GTACAAGGGACTTTCCGAAA
NS500301:150:HLJVKAFX7:2:11101:26636:6704,ATACGATT,AGTTATGA,GTTTAAGTACTCTGTGCTGGAAACAG,GTACAACGCCCTGTCAGATC
NS500301:150:HLJVKAFX7:2:11101:22619:6719,ATCTCCGG,CTTGCACG,GTTTAAGTACTCTGTGCTGGAAACAG,GTACAAGGGACTTTCCGAAA
NS500301:150:HLJVKAFX7:2:11101:8253:6723,,TGAGTGAC,GTTTAAGTACTCTGTGCTGGAAACAG,GTACAAGGGACTTTCCGAAA
NS500301:150:HLJVKAFX7:2:11101:25736:6727,TGTGCTAG,GCGGTCCA,GTTTAAGTACTCTGTGCTGGAAACAG,GAACAAGAGAAGTTCCTAAA
NS500301:150:HLJVKAFX7:2:11101:10677:6727,,CCATTCTG,,
NS500301:150:HLJVKAFX7:2:11101:7334:6735,,CCTGGCAA,GTTTGAGTACTCTGTGCTGGAAACAG,GTACAAGGGACTTTCCGAAA
NS500301:150:HLJVKAFX7:2:11101:4155:6737,ACGAGCCG,AATTGTAG,GTTTAAGTACTCTGTGCTGGAAACAG,TGACAAGACACTATAATAAA
NS500301:150:HLJVKAFX7:2:11101:12954:6767,CCAGGTGG,TCGTATTG,GTTTAAGTACTCTGTGCTGGAAACAG,GTACAAGGGACTTTCCGAAA
NS500301:150:HLJVKAFX7:2:11101:21584:6777,AACAATAG,CTGAAAAA,,
NS500301:150:HLJVKAFX7:2:11101:7462:6779,,ATGTTGGA,,
NS500301:150:HLJVKAFX7:2:11101:20140:6787,TTGGAGGT,GCTTTGGC,GTTTAAGTACTCTGTGCTGGAAACAG,GTACAAGGGACTTTCCGAAA
NS500301:150:HLJVKAFX7:2:11101:19254:6824,GCTGGCTC,AAGTGAAA,,
NS500301:150:HLJVKAFX7:2:11101:9204:6827,,ACCGGGAT,GTTTAAGTACTCTGTGCTGGAAACAG,GTACAAGGGACTTTCCGAAA
NS500301:150:HLJVKAFX7:2:11101:21411:6828,,TCATATTT,GTTTAAGTACTCTGTGCTGGATACAG,GTACAAGGGACTTTCCGAAA
NS500301:150:HLJVKAFX7:2:11101:3573:6846,GAGCCGAG,GAGAATTT,GTTTAAGTACTCTGTGCTGGAAACAG,GTACAAGGGACTTTCCGAAA
NS500301:150:HLJVKAFX7:2:11101:26474:6848,AGCGGGTC,GACATTCG,GTTTAAGTACTCTGTGCTGGAAACAG,GTACAAGGGACTTTCCGAAA
NS500301:150:HLJVKAFX7:2:11101:6213:6858,GGTATCAC,,,
NS500301:150:HLJVKAFX7:2:11101:4464:6873,TGGTAATA,GATAAGAC,GTTTAAGTACTCTGTGCTGGAAACAG,CTACAAGGGACTTTCCGAAT
NS500301:150:HLJVKAFX7:2:11101:1672:6881,,GGCGTGGA,,
NS500301:150:HLJVKAFX7:2:11101:22083:6896,TCGGAGCA,GTGTTTAC,GTTTAAGTACTCTGTGCTGGAAACAG,GTACAAGGGACTTTCCGAAA
NS500301:150:HLJVKAFX7:2:11101:23073:6898,TACACCGA,ATTAAACG,GTTTAAGTACTCTGTGCTGGAAACAG,GTGCTCGGCACTTACCAAGA
NS500301:150:HLJVKAFX7:2:11101:19255:6901,TAGGGGGT,GGGAGACC,GTTTAAGTACTCAGTGCTGGAAACAG,GTACAAGGGACTTTCCGAAA
NS500301:150:HLJVKAFX7:2:11101:12117:6902,GTCGACCG,AGATGTTC,GTTTAAGTACTCTGTGCTGGAATCAG,GTACAAGGGACTTTCCGAAA
NS500301:150:HLJVKAFX7:2:11101:26556:6909,CAGGGGAG,AAATTGTT,GTTTAAGTACTCTGTGCTGGAAACAG,GTACAAGGGACTTTCCGAAA
NS500301:150:HLJVKAFX7:2:11101:17671:6910,,CCTTCATG,GTTTAAGTACTCTGTGCTGGAAACAG,GTACAAGGGACTTTCCGAAA
NS500301:150:HLJVKAFX7:2:11101:22036:6911,TCTAAACG,AGTATGGG,GTTTAAGTACTCTGTGCTGGAAACAG,GTACAAGCGACTTTCCGAAA
NS500301:150:HLJVKAFX7:2:11101:20238:6912,GGATCCGA,TTGTTGGA,GTTTAAGTACTCTGTGCTGGAATCAG,GTACAAGGGACTTTCCGAAA
NS500301:150:HLJVKAFX7:2:11101:4152:6919,TGACGAGG,CGAATGAA,GTTTAAGTACTCTGTGCTGGAAACAG,GTACAAGGGACTTTCCGAAA
NS500301:150:HLJVKAFX7:2:11101:10724:6920,ATGGGGGT,AGGGTGAT,GTTTAAGTACTCTGTGCTGGAAACAG,GTACAAGGGACTTTCCGAAA
NS500301:150:HLJVKAFX7:2:11101:20363:6941,GTCCACCG,AACCACTT,,
NS500301:150:HLJVKAFX7:2:11101:22024:6961,,AGCACGAA,GTTTAAGTACTCTGTGCTGGAAACAG,GTACAAGGGACTTTCCGAAA
NS500301:150:HLJVKAFX7:2:11101:17665:6969,,TGTCAATA,GTTTAAGTACTCTGTGCTGGAAACAG,GTACAAGGGACTTTCCGAAA
NS500301:150:HLJVKAFX7:2:11101:2361:6973,TGCAGGTT,GATGTAGA,GTTTAAGTACTCTGTGCTGGAAACAG,GTACAAGGGACTTTCCGAAA
NS500301:150:HLJVKAFX7:2:11101:16192:6997,,AACACGGG,GTTTAAGTACTCTGTGCTGGATACAG,CTACAAGCTACATTCGTAGA
NS500301:150:HLJVKAFX7:2:11101:24341:7000,GTGCTTAG,TATAATTA,,
NS500301:150:HLJVKAFX7:2:11101:16146:7042,AGATCATC,AGGCCAAG,GTTTAAGTACTCTGTGCTGGAAACAG,GTACAAGGGACTTTCCGAAA
NS500301:150:HLJVKAFX7:2:11101:11813:7042,,CTATCAGA,,
NS500301:150:HLJVKAFX7:2:11101:16268:7047,CCTGCCAT,CTGGCAAT,,
NS500301:150:HLJVKAFX7:2:11101:21013:7059,GGGATTGA,AGGTAGTT,,
NS500301:150:HLJVKAFX7:2:11101:5775:7066,,GTTCAGTC,GTTTAAGTACTCTGTGCTGGAAACAG,GTACAAGGGACTTTCCGAAA
NS500301:150:HLJVKAFX7:2:11101:2722:7067,TGCCGGGG,GAGGCATG,GTTTAAGTACTCTGTGCTGGAAACAG,GTACAAGGGACTTTCCGAAA
NS500301:150:HLJVKAFX7:2:11101:7723:7068,ATTGAAAT,TAGAAACA,GTTTAAGTACTCAGTGCTGGAAACAG,TAACACCCTCTAAGCCTGCA
NS500301:150:HLJVKAFX7:2:11101:10386:7080,TCACTTTG,,,
NS500301:150:HLJVKAFX7:2:11101:22801:7100,CAACATAG,TGGAAGGA,GTTTAAGTACTCTGTGCTGGAAACAG,GTACAAGGGACTTTCCGAAA
NS500301:150:HLJVKAFX7:2:11101:13793:7106,GATATCGA,AAGTAGGG,GTTTAAGTACTCTGTGCTGGAAACAG,GTACAAGGGACTTTCCGAAT
NS500301:150:HLJVKAFX7:2:11101:5500:7107,TGTGTTAA,,,
NS500301:150:HLJVKAFX7:2:11101:2402:7141,GATACTGC,CTTTCCCT,GTTTAAGTACTCTGTGCTGGAAACAG,GTACAAGGGACTTTCCGAAA
NS500301:150:HLJVKAFX7:2:11101:19653:7151,GGTTCTGA,,,
NS500301:150:HLJVKAFX7:2:11101:13747:7156,GAGGTGGG,CGTGGAAA,GTATAAGTACTCTGTGCTGGATACAG,GTACAAGGGACTTTCCGAAA
NS500301:150:HLJVKAFX7:2:11101:15965:7166,GTGCGCGG,GAGTACGA,GTTTAAGTACTCTGTGCTGGAAACAG,GTACAAGGGACTTTCCGAAA
NS500301:150:HLJVKAFX7:2:11101:17336:7181,CGCGTGGC,GTCTGGAG,GTTTAAGTACTCTGTGCTGGAAACAG,GTACAAGGGACTTTCCGAAA
NS500301:150:HLJVKAFX7:2:11101:19320:7184,CGTGGCCT,,,
NS500301:150:HLJVKAFX7:2:11101:5731:7190,GCAAACGA,TAAAATTC,GTTTAAGTACTCTGTGCTGGAAACAG,GTACACTACACTGTCCGAAA
NS500301:150:HLJVKAFX7:2:11101:6583:7191,CTCTGGGC,GAACAATG,GTTTAAGTACTCTGTGCTGGCAACAG,GTACAAGGGACTTTCCGAAA
NS500301:150:HLJVKAFX7:2:11101:7313:7193,AGGCCGTC,ATGCGAGG,,
NS500301:150:HLJVKAFX7:2:11101:18438:7198,ATATCTTT,TGGCAGTA,GTTTAAGTACTCTGTGCTGGAAACAG,GTACAAGGGACTTTCCGAAA
NS500301:150:HLJVKAFX7:2:11101:21818:7207,GGTACGCG,GTGAAAAG,GTTTAAGTACTCTGTGCTGGAAACAG,GTACAAGGGACTTTCCGAAA
NS500301:150:HLJVKAFX7:2:11101:21998:7215,AGGCATGT,TCTACACA,GTTTAAGTACACAGTGCTGGAAACAG,GTACAACGGACTTTCCGAAA
NS500301:150:HLJVKAFX7:2:11101:22871:7220,,TAAACATC,GTTTAAGTACTCTGTGCTGGAAACAG,GTAGAAGGGACTTTCCGAAA
NS500301:150:HLJVKAFX7:2:11101:7688:7223,,CTTGTAAT,GTTTAAGTACTCTGTGCTGGATACAG,GTACAAGGGACTTTCCGAAA
NS500301:150:HLJVKAFX7:2:11101:20278:7242,,,GTTTAAGTACTCTGTGCTGGATACAG,GTACAAGGGACTTACCGAAA
NS500301:150:HLJVKAFX7:2:11101:25960:7247,TTGGGGTG,GCCGCAAT,GTTTAAGTACTCTGTGCTGGAAACAG,GTACAAGGGACTTTCCGAAA
NS500301:150:HLJVKAFX7:2:11101:16261:7256,,CTCGCGGG,,
NS500301:150:HLJVKAFX7:2:11101:5376:7258,,GACACTCT,GTTTAAGTACTCTGTGCTGGAAACAG,GTACAAGGGACTTTCCGAAA
NS500301:150:HLJVKAFX7:2:11101:5299:7270,CTCTAATA,GATTTGTT,GTTTAAGTACTCTGTGCTGGAAACAG,GTACAAGGGACTTTCCGAAA
NS500301:150:HLJVKAFX7:2:11101:17868:7317,GCGAGGTC,GTTACGTA,GTTTAAGTACTCTGTGCTGGAAACAG,GTACAAGGGACTTTCCGAAA
NS500301:150:HLJVKAFX7:2:11101:6214:7327,GAACAGGG,CAGTAGGA,GTATAAGTACTCTGTGCTGGAAACAG,GTACAAGGGACTTTCCGAAA
NS500301:150:HLJVKAFX7:2:11101:9477:7329,CACGTGGT,ATATGACA,GTTTAAGAACTCTGTCCTGGAAAAAG,GTACAAGGGACTTTCCGAAA
NS500301:150:HLJVKAFX7:2:11101:9540:7331,,GAAAGGAT,GTTTAAGTACTCTGTGCTGGAAACAG,GTACAAGGGACTTTCCGAAA
NS500301:150:HLJVKAFX7:2:11101:4703:7338,,GGGAATTT,,
NS500301:150:HLJVKAFX7:2:11101:15404:7340,,AAATCGAA,GTTTAAGTACTCTGTGCTGGAAACAG,GTACAAGGGACTTTCCGAAA
NS500301:150:HLJVKAFX7:2:11101:5524:7343,GTCGAAGA,,,
NS500301:150:HLJVKAFX7:2:11101:5674:7354,TCAGTGAT,CAGGGTCA,GTTTAAGTACTCTGTGCTGGAACCAG,GTACAACGGACTTTCCGAAA
NS500301:150:HLJVKAFX7:2:11101:7770:7367,AAGTTGGG,CTTAAGGT,GTTTAAGTACTCTGTGCTGGAAACAG,GTACAAGGGACTTTCCGAAA
NS500301:150:HLJVKAFX7:2:11101:9606:7367,ACGGGGCG,,,
NS500301:150:HLJVKAFX7:2:11101:4165:7388,,CTGAAGTT,,
NS500301:150:HLJVKAFX7:2:11101:25923:7400,AGTTATAG,TACTTAGA,GTTTAAGTACTCTGTGCTGGAAACAG,GTACAAGGGACTTTCCGAAA
NS500301:150:HLJVKAFX7:2:11101:2584:7408,,AATGGATC,GTTTAAGTACTCTGTGCTGGATACAG,GTACAAGGGACTTTCCGAAA
NS500301:150:HLJVKAFX7:2:11101:12700:7418,GTAGTGTA,,,
NS500301:150:HLJVKAFX7:2:11101:13609:7431,TGGGGAAG,ACTTGAGT,GTTTAAGTACTCAGTGCTGGAATCAG,GTACAAGGGACTTTCCGAAA
NS500301:150:HLJVKAFX7:2:11101:1582:7435,AGCAGTAA,CTTGCGGG,GTTTAAGTACTCTGTGCTGGAAACAG,GTACAAGGGACTTTCCGAAA
NS500301:150:HLJVKAFX7:2:11101:19879:7440,GCACTACA,GTTAATGT,GTTTAAGTAATCAGTGCTGGAAACAG,GTACAATGGACTTTCCAAAA
NS500301:150:HLJVKAFX7:2:11101:15457:7466,GCTGGGTG,ATTAGAAT,GTTTAAGTACTCTGTGCTGGAAACAG,GTACAAGGGACTTTCCGAAA
NS500301:150:HLJVKAFX7:2:11101:10175:7467,AGCCATGA,GTGGTTGC,GTTTAAGTACTCTGTGCTGGAAACAG,GTACAAGGGACTTTCCGAAA
NS500301:150:HLJVKAFX7:2:11101:20020:7468,GCATGATC,AGGGATCA,GTTTAAGTACTCTGTGCTGGAAACAG,GAACAAGATAAATTCCGAAA
NS500301:150:HLJVKAFX7:2:11101:25558:7469,,CGCGTGGT,GTTTAAGTACTCTGTGCTGGAAACAG,GTACAAGGGACTTTCCGAAA
NS500301:150:HLJVKAFX7:2:11101:16758:7470,GCAGACAT,,,
NS500301:150:HLJVKAFX7:2:11101:4503:7475,,GTTTCCCG,GTTTAAGTACTCTGTGCTGGATACAG,GTACAAGGGACTTTCCGAAA
NS500301:150:HLJVKAFX7:2:11101:3102:7487,ACCAGGCC,AAATAGAT,GTTTAAGTACTCTGTGCTGGAAACAG,GTACAAGGGACTTTCCGCAA
NS500301:150:HLJVKAFX7:2:11101:20566:7489,GTAGTAGT,CCAAATTT,GTTTAAGTACTCTGTGCTGGAATCAG,GTACAAGGGACTTTCCGAAA
NS500301:150:HLJVKAFX7:2:11101:16558:7492,AGCCATAA,GCGAGGAA,,
NS500301:150:HLJVKAFX7:2:11101:18243:7495,TCTACGTT,CGCTATTG,GTTTAAGTACTCTGTGCTGGAAACAG,GTACAAGGGACTTTCCGAAA
NS500301:150:HLJVKAFX7:2:11101:22054:7506,AACACAGG,GTATGAAC,GTTTAAGTACTCTGTGCTGGAAACAG,GTACAACGGACTTACAGAAA
NS500301:150:HLJVKAFX7:2:11101:23975:7507,TCGACTGA,CCAAACTG,,
NS500301:150:HLJVKAFX7:2:11101:24576:7520,ATTATCAC,,,
NS500301:150:HLJVKAFX7:2:11101:7164:7528,,GTGGTAAA,GTTTAAGTACTCTGTGCTGGATACAG,GTACAAGGGACTTTCCGAAA
NS500301:150:HLJVKAFX7:2:11101:19355:7538,AGGGGGTG,TAGATATC,,
NS500301:150:HLJVKAFX7:2:11101:3222:7549,CGAGCCAT,CAAAAAAA,,
NS500301:150:HLJVKAFX7:2:11101:11652:7551,AGAGGGCT,TGAGAAAG,GTTTAAGTACTCTGTGCTGGAAACAG,GTACAAGGGACTTTCCGAAA
NS500301:150:HLJVKAFX7:2:11101:24600:7551,AGCACTAG,CGATCAGC,GTTTAAGTACTCTGTGCTGGAAACAG,GTACAAGGGACTTTCCGAAA
NS500301:150:HLJVKAFX7:2:11101:13167:7558,,CCGATATC,,
NS500301:150:HLJVKAFX7:2:11101:22591:7561,,GATTTAGA,GTTTAAGTACTCTGTGCTGGAAACAG,GTACAAGGGACTTTCCGAAA
NS500301:150:HLJVKAFX7:2:11101:14474:7561,,GGAGGGAG,GTTTAAGTACTCTGTGCTGGAAACAG,GTACAAGGGACTTTCCGAAA
NS500301:150:HLJVKAFX7:2:11101:12598:7567,GGAGCGGC,GAAGGCAG,GTTTAAGTACTCTGTGCTGGAAACAG,GTACAAGGGACTTTCCGAAA
NS500301:150:HLJVKAFX7:2:11101:15021:7572,GTCAGGAG,CAACATGG,GTTTAAGTACTCTGTGCTGGAAACAG,GTAAAACAGACTTTACGAAA
NS500301:150:HLJVKAFX7:2:11101:3912:7582,,GGGCTATT,GTTTAAGTACTCTGTGCTGGAAACAG,GTACAAGGGACTTTCCGAAA
NS500301:150:HLJVKAFX7:2:11101:3613:7593,GTTCAACC,GGGAGGTA,,
NS500301:150:HLJVKAFX7:2:11101:1880:7604,ATAGTGCA,CGCAATGC,GTTTAAGTACTCTGTGCTGGACACAG,GTACAAGGGACTTTCCGAAA
NS500301:150:HLJVKAFX7:2:11101:8227:7612,,TGTACTAA,GTTTAAGTACTCTGTGCTGGAAACAG,GTACAAGGGACTTTCCGAAA
NS500301:150:HLJVKAFX7:2:11101:6943:7630,CCTGTGAC,GAAAAAGA,GTTTAAGTACTCTGTGCTGGAATCAG,GTACAAGGGACTTTCCGAAA
NS500301:150:HLJVKAFX7:2:11101:6886:7651,GTAGATAT,TGCACATC,,
NS500301:150:HLJVKAFX7:2:11101:20422:7667,AGAGAGAG,CAGTGAAC,GTTTAAGTACTCTGTGCTGGAAACAG,GTACAAGGGACTTTCCGAAA
NS500301:150:HLJVKAFX7:2:11101:24269:7668,,CGCTTGGA,GTTTAAGTACTCTGTGCTGGATACAG,GTACAAGGGACTTTCCGAAA
NS500301:150:HLJVKAFX7:2:11101:20874:7679,TTGCTCTG,TTGAAATG,GTTTAAGTACTCTGTGCTGGAAACAG,GTACAAGGGACTTTCCGAAA
NS500301:150:HLJVKAFX7:2:11101:4935:7679,AGGATTGG,ACTAATAG,GTTTAAGTACTCTGTGCTGGAAACAG,GTACAAGGACCTTTCCGAAA
NS500301:150:HLJVKAFX7:2:11101:15305:7685,GACAACCC,CGCGACTG,GTTTAAGTACTCTGTGCTGGAAACAG,GTAAAAGGGACCTTCCGAAA
NS500301:150:HLJVKAFX7:2:11101:23601:7689,ATTTGGAA,CGCTTGTC,GTTTAAGTACTCTGTGCTGGAAACAG,GTACAAGGGACTTTCCGAAA
NS500301:150:HLJVKAFX7:2:11101:21139:7691,,GAAGGAGT,,
NS500301:150:HLJVKAFX7:2:11101:12858:7701,CTAGTAGC,TGGCATAA,,
NS500301:150:HLJVKAFX7:2:11101:12719:7722,TTAGGAAG,GATTATGG,,
NS500301:150:HLJVKAFX7:2:11101:7179:7725,CGAGTCTG,GTTTGGGT,,
NS500301:150:HLJVKAFX7:2:11101:5182:7789,GTGGGGGT,GAAGTAGA,GTTTAAGTACTCTGTGCTGGAAACAG,GTACAAGGGACTTTCCGAAA
NS500301:150:HLJVKAFX7:2:11101:24303:7789,CCAGCTAA,GACTTCTG,GTTTAAGTACTCTGTGCTGGATTCAG,GTACAAGGGACTTTCCGAAA
NS500301:150:HLJVKAFX7:2:11101:15225:7791,,TGATACTG,GTATAAGTACTCTGTGCTGGAAACAG,GTACAAGGGACTTTCCGAAA
NS500301:150:HLJVKAFX7:2:11101:6276:7840,CTAATGCC,GCGTGCAG,GTTTAAGTACTCTGTGCTGGAATAAG,GTACAAGGGACTTTCCGAAA
NS500301:150:HLJVKAFX7:2:11101:17673:7845,TGGAACAC,GCTGCAAA,GTTTAAGTACTCTGTGCTGGAAACAG,GTACAAGGGACCTTCCGAAA
NS500301:150:HLJVKAFX7:2:11101:4869:7848,,GACTGGTA,GTTTAAGTACTCTGTGCTGGAAACAG,GTACAAGGGACTTTCCGAAA
NS500301:150:HLJVKAFX7:2:11101:14722:7849,CGGTAGAA,TACAAGGC,GTTTAAGTACTCTGTGCTGGAAACAG,GTACAAGGGACTTTCCGAAA
NS500301:150:HLJVKAFX7:2:11101:9531:7865,,GAGGTCGG,GTTTAAGTACTCTGTGCTGGAAACAG,GTACAAGGGACTTTCCGAAA
NS500301:150:HLJVKAFX7:2:11101:10830:7874,GAACATAA,CATTGTGT,GTTTAAGTACTCTGTGCTGGAAACAG,GTACAAGGGACTTTCCGAAA
NS500301:150:HLJVKAFX7:2:11101:3223:7891,CGGATTTA,CACTCTCG,GTTTAAGTACTCTGTGCTGGAAACAG,GTACAAGGGACTTTCCGAAA
NS500301:150:HLJVKAFX7:2:11101:15321:7893,TTGCAGAC,CGCGAGCT,GTTTAAGTACTCTGTGCTGGAAACAG,GTACAAGGGACTTTCCGAAA
NS500301:150:HLJVKAFX7:2:11101:25256:7898,GAAGTCGA,GGAGAGTG,GTTTAAGTACTCTGTGCTGGAAACAG,GTACAAGGGACTTTCCGAAA
NS500301:150:HLJVKAFX7:2:11101:23382:7900,,CTTAATGA,GTTTAAGTACTCTGTGCTGGAAACAG,CTTCTAAGGACTATACTAAA
NS500301:150:HLJVKAFX7:2:11101:23369:7901,TAGGGCAC,GAGAAGCA,GTTTAAGTACTCTGTGCTGGAAACAG,GTTCAAGGGACTTTCCGAAA
NS500301:150:HLJVKAFX7:2:11101:6611:7907,TACGGCTA,GTCGAGAA,GTTTAAGTACTCTGTGCTGGAAACAG,GTACAAGGGACTTTCCGAAA
NS500301:150:HLJVKAFX7:2:11101:10270:7907,,ATACATTC,,
NS500301:150:HLJVKAFX7:2:11101:10079:7917,TATCCGCT,TGAGCTCA,,
NS500301:150:HLJVKAFX7:2:11101:19216:7939,CGGTTTAC,TGGATTGC,GTTTAAGTACTCTGTGCTGGAAACAG,GTACAAGGGACTTTCCGAAA
NS500301:150:HLJVKAFX7:2:11101:17292:7945,AATACAAC,GACTGTTA,GTTTAAGTACTCTGTGCTGGAAACAG,GTACAAGGGACTTTCCGAAA
NS500301:150:HLJVKAFX7:2:11101:19581:7949,GATCCCAG,TTCGATAA,GTTTAAGTACTCTGTGCAGGAAACAG,GTACAAGGGACTTTCCGAAA
NS500301:150:HLJVKAFX7:2:11101:14733:7959,GTCGAGGG,TGTTGAGA,GTTTAAGTACTCTGTGCTGGAAACAG,GTACAAGGGACTTTCCGAAA
